obecnosc_ID;status;uczen_id;lekcja_id
1;spóźniony;100;2297
2;spóźniony;64;438
3;obecny;32;3093
4;spóźniony;46;896
5;nieobecny;15;3220
6;nieobecny;45;1857
7;obecny;28;700
8;obecny;60;823
9;obecny;5;198
10;nieobecny;48;3570
11;nieobecny;24;1109
12;obecny;2;3863
13;spóźniony;21;1445
14;nieobecny;34;1543
15;obecny;46;1265
16;spóźniony;25;2239
17;obecny;17;3094
18;spóźniony;57;295
19;nieobecny;81;323
20;spóźniony;73;177
21;spóźniony;45;805
22;spóźniony;76;1775
23;obecny;89;2917
24;obecny;85;3193
25;nieobecny;86;716
26;nieobecny;95;3089
27;nieobecny;20;451
28;nieobecny;67;2438
29;nieobecny;46;1688
30;obecny;86;3591
31;spóźniony;74;794
32;obecny;9;3569
33;spóźniony;27;2775
34;spóźniony;20;3642
35;nieobecny;70;1586
36;spóźniony;35;3229
37;spóźniony;95;173
38;spóźniony;55;1451
39;nieobecny;46;3253
40;spóźniony;30;2830
41;spóźniony;35;1193
42;obecny;86;205
43;spóźniony;60;4248
44;spóźniony;13;810
45;nieobecny;78;2608
46;obecny;76;2436
47;spóźniony;44;3447
48;spóźniony;63;2534
49;nieobecny;18;843
50;spóźniony;4;4269
51;obecny;47;1963
52;obecny;4;2530
53;nieobecny;64;2787
54;spóźniony;89;3818
55;obecny;84;1281
56;obecny;97;3253
57;nieobecny;14;1167
58;spóźniony;37;2255
59;spóźniony;6;372
60;obecny;6;2198
61;spóźniony;45;3090
62;spóźniony;52;1550
63;nieobecny;33;4263
64;nieobecny;47;1402
65;obecny;48;2875
66;obecny;32;2682
67;spóźniony;83;771
68;nieobecny;86;939
69;nieobecny;66;480
70;obecny;97;3455
71;spóźniony;82;4128
72;nieobecny;22;828
73;obecny;62;4284
74;spóźniony;64;2836
75;obecny;79;651
76;obecny;33;1468
77;nieobecny;27;502
78;obecny;80;1161
79;obecny;84;832
80;spóźniony;60;2216
81;spóźniony;86;1942
82;nieobecny;83;3912
83;obecny;21;3071
84;obecny;94;41
85;spóźniony;27;1513
86;obecny;83;1088
87;nieobecny;55;3681
88;obecny;29;2896
89;nieobecny;20;1041
90;spóźniony;30;2163
91;nieobecny;57;4169
92;nieobecny;29;227
93;spóźniony;38;5
94;obecny;57;239
95;nieobecny;58;709
96;nieobecny;71;1614
97;obecny;57;798
98;obecny;31;3628
99;spóźniony;79;916
100;nieobecny;25;195
101;spóźniony;70;448
102;nieobecny;83;2322
103;obecny;17;2042
104;nieobecny;61;1951
105;nieobecny;65;86
106;spóźniony;62;355
107;obecny;87;2645
108;nieobecny;33;4013
109;obecny;41;813
110;spóźniony;50;627
111;obecny;16;798
112;spóźniony;97;945
113;spóźniony;9;2847
114;obecny;13;3652
115;spóźniony;44;3699
116;nieobecny;97;1294
117;spóźniony;38;2911
118;nieobecny;36;1475
119;nieobecny;38;2926
120;nieobecny;58;2924
121;spóźniony;66;2134
122;spóźniony;25;269
123;spóźniony;38;1139
124;spóźniony;29;2230
125;nieobecny;65;4225
126;obecny;77;4
127;obecny;77;1515
128;obecny;22;2615
129;obecny;99;584
130;nieobecny;90;78
131;obecny;55;2161
132;obecny;59;606
133;spóźniony;19;2097
134;nieobecny;27;1332
135;nieobecny;69;2122
136;obecny;19;283
137;nieobecny;14;4176
138;spóźniony;8;2006
139;nieobecny;66;3387
140;obecny;74;4
141;obecny;82;2408
142;spóźniony;72;3157
143;spóźniony;86;3012
144;spóźniony;55;3416
145;spóźniony;26;2855
146;spóźniony;41;332
147;obecny;68;1210
148;obecny;23;2118
149;obecny;52;2257
150;obecny;93;2737
151;nieobecny;55;1762
152;obecny;62;2
153;nieobecny;7;1792
154;spóźniony;87;2186
155;obecny;75;3476
156;nieobecny;62;982
157;spóźniony;71;1111
158;spóźniony;90;1123
159;spóźniony;65;800
160;obecny;98;1825
161;spóźniony;41;2120
162;spóźniony;60;3216
163;spóźniony;100;4013
164;nieobecny;60;2812
165;spóźniony;29;3450
166;spóźniony;84;1763
167;obecny;99;3108
168;spóźniony;23;208
169;nieobecny;68;1004
170;nieobecny;18;966
171;obecny;77;3581
172;obecny;70;309
173;obecny;51;2565
174;nieobecny;38;349
175;obecny;52;207
176;nieobecny;46;4228
177;spóźniony;79;4219
178;obecny;46;2492
179;nieobecny;19;3912
180;spóźniony;20;4081
181;obecny;20;3119
182;spóźniony;30;4046
183;nieobecny;27;3087
184;spóźniony;40;2742
185;nieobecny;45;4241
186;nieobecny;51;3711
187;obecny;82;1190
188;obecny;7;1321
189;obecny;11;3842
190;obecny;22;2238
191;spóźniony;49;2384
192;spóźniony;77;2058
193;spóźniony;11;3390
194;spóźniony;60;1563
195;spóźniony;69;3413
196;spóźniony;23;1725
197;spóźniony;45;3277
198;nieobecny;48;567
199;nieobecny;15;4300
200;spóźniony;47;393
201;obecny;9;3685
202;obecny;58;1073
203;nieobecny;70;3645
204;obecny;36;2888
205;spóźniony;83;2678
206;obecny;9;871
207;spóźniony;76;393
208;nieobecny;98;670
209;nieobecny;14;609
210;obecny;69;1090
211;nieobecny;33;710
212;spóźniony;48;408
213;obecny;86;3068
214;obecny;65;1224
215;spóźniony;5;4106
216;nieobecny;57;1852
217;nieobecny;85;3821
218;spóźniony;82;699
219;nieobecny;85;1118
220;obecny;49;1474
221;nieobecny;23;653
222;nieobecny;66;2336
223;obecny;100;3449
224;spóźniony;91;853
225;obecny;24;2009
226;obecny;3;525
227;spóźniony;15;1212
228;obecny;51;384
229;nieobecny;47;1183
230;obecny;83;3322
231;spóźniony;85;1948
232;nieobecny;27;596
233;obecny;81;3244
234;obecny;10;4316
235;obecny;76;1392
236;nieobecny;18;1656
237;spóźniony;39;528
238;nieobecny;76;929
239;spóźniony;3;1280
240;spóźniony;1;2290
241;spóźniony;78;3895
242;obecny;43;3305
243;spóźniony;57;1086
244;obecny;12;4018
245;spóźniony;76;1987
246;spóźniony;19;2905
247;obecny;97;4020
248;nieobecny;16;1499
249;nieobecny;39;3345
250;obecny;96;3095
251;nieobecny;68;3982
252;spóźniony;17;1222
253;nieobecny;18;1611
254;spóźniony;52;416
255;obecny;21;1573
256;nieobecny;66;2341
257;spóźniony;63;1629
258;nieobecny;77;2871
259;spóźniony;45;1725
260;obecny;95;2396
261;spóźniony;78;3251
262;obecny;82;247
263;spóźniony;48;2329
264;obecny;9;3500
265;nieobecny;88;1557
266;nieobecny;2;4285
267;spóźniony;65;3171
268;nieobecny;16;48
269;spóźniony;46;3430
270;obecny;92;2129
271;spóźniony;15;162
272;nieobecny;57;1353
273;obecny;80;2252
274;obecny;68;2034
275;obecny;23;510
276;obecny;73;1434
277;spóźniony;53;670
278;obecny;52;3123
279;obecny;3;1748
280;spóźniony;46;3754
281;obecny;50;3986
282;spóźniony;32;3790
283;obecny;23;2084
284;nieobecny;49;1270
285;obecny;62;3224
286;spóźniony;47;1103
287;spóźniony;15;1139
288;obecny;75;2601
289;nieobecny;85;1243
290;obecny;80;1667
291;obecny;37;3368
292;nieobecny;84;3345
293;nieobecny;94;3838
294;nieobecny;92;3690
295;obecny;5;1857
296;obecny;72;1554
297;spóźniony;19;260
298;spóźniony;62;3375
299;nieobecny;38;1532
300;nieobecny;59;1135
301;spóźniony;18;4266
302;nieobecny;64;3464
303;nieobecny;41;1633
304;spóźniony;29;222
305;spóźniony;49;2136
306;obecny;93;2241
307;spóźniony;75;154
308;obecny;2;3924
309;nieobecny;84;969
310;nieobecny;34;1498
311;obecny;77;1972
312;nieobecny;11;2039
313;spóźniony;86;463
314;obecny;53;2127
315;obecny;72;1741
316;spóźniony;75;1897
317;spóźniony;95;3397
318;obecny;32;643
319;obecny;14;1480
320;nieobecny;100;277
321;nieobecny;97;1087
322;nieobecny;76;2103
323;obecny;72;3931
324;obecny;66;1060
325;obecny;76;3009
326;nieobecny;56;4114
327;nieobecny;90;181
328;spóźniony;21;534
329;obecny;48;926
330;nieobecny;37;1182
331;nieobecny;88;840
332;nieobecny;55;622
333;obecny;5;2664
334;obecny;7;1580
335;spóźniony;62;4218
336;obecny;40;592
337;spóźniony;65;126
338;spóźniony;46;2142
339;obecny;7;796
340;nieobecny;83;199
341;nieobecny;57;2801
342;obecny;26;1635
343;obecny;32;2979
344;nieobecny;7;3321
345;spóźniony;10;2963
346;obecny;85;1575
347;nieobecny;78;83
348;spóźniony;14;4172
349;nieobecny;65;3257
350;nieobecny;63;528
351;nieobecny;26;3002
352;spóźniony;78;229
353;obecny;2;4237
354;spóźniony;43;2717
355;obecny;91;3307
356;nieobecny;30;2298
357;spóźniony;100;1657
358;spóźniony;89;3733
359;nieobecny;54;2491
360;nieobecny;10;1690
361;spóźniony;90;261
362;spóźniony;65;2301
363;obecny;72;889
364;obecny;75;2730
365;nieobecny;88;3710
366;nieobecny;27;2015
367;spóźniony;11;3131
368;obecny;10;1654
369;obecny;10;3687
370;obecny;25;724
371;nieobecny;14;3358
372;spóźniony;87;2107
373;nieobecny;93;3239
374;obecny;31;3084
375;obecny;24;48
376;obecny;61;2934
377;spóźniony;9;4109
378;obecny;31;2366
379;spóźniony;28;3934
380;nieobecny;24;140
381;spóźniony;36;2071
382;obecny;62;275
383;spóźniony;78;2172
384;spóźniony;88;3561
385;obecny;80;362
386;spóźniony;37;3839
387;nieobecny;11;3631
388;obecny;60;1300
389;obecny;62;127
390;spóźniony;61;2895
391;nieobecny;94;2374
392;spóźniony;32;3913
393;obecny;33;1253
394;nieobecny;27;4065
395;obecny;17;1167
396;spóźniony;19;1238
397;nieobecny;8;233
398;nieobecny;42;3618
399;spóźniony;19;4050
400;obecny;73;3767
401;obecny;31;56
402;nieobecny;37;2809
403;spóźniony;61;3024
404;nieobecny;29;1815
405;spóźniony;29;560
406;nieobecny;12;3
407;spóźniony;47;2226
408;spóźniony;30;2693
409;obecny;7;3458
410;nieobecny;27;4119
411;spóźniony;39;1387
412;spóźniony;31;2544
413;nieobecny;30;1086
414;nieobecny;25;2387
415;spóźniony;66;4097
416;spóźniony;64;372
417;obecny;85;735
418;nieobecny;16;898
419;nieobecny;81;3278
420;spóźniony;69;833
421;obecny;45;3540
422;spóźniony;66;1470
423;obecny;83;3777
424;obecny;24;49
425;nieobecny;1;2221
426;nieobecny;52;2138
427;spóźniony;64;287
428;obecny;100;1525
429;obecny;33;729
430;nieobecny;88;4030
431;obecny;2;2457
432;spóźniony;92;1058
433;obecny;24;3060
434;spóźniony;16;3776
435;spóźniony;17;1824
436;nieobecny;48;4317
437;nieobecny;14;347
438;obecny;43;1119
439;spóźniony;56;2812
440;spóźniony;84;3585
441;nieobecny;3;1590
442;nieobecny;47;1757
443;spóźniony;61;1477
444;spóźniony;39;2101
445;obecny;18;3998
446;obecny;23;533
447;obecny;87;2467
448;spóźniony;36;3506
449;obecny;100;337
450;obecny;55;1305
451;nieobecny;2;1911
452;spóźniony;95;1348
453;obecny;58;3387
454;spóźniony;84;2983
455;nieobecny;35;2705
456;obecny;78;3996
457;nieobecny;66;1105
458;nieobecny;46;2606
459;obecny;59;2551
460;spóźniony;51;1974
461;nieobecny;76;3234
462;spóźniony;23;214
463;obecny;47;534
464;spóźniony;82;2732
465;obecny;62;2375
466;obecny;94;2077
467;spóźniony;92;1654
468;obecny;44;2336
469;obecny;48;3504
470;obecny;87;1276
471;spóźniony;95;4183
472;nieobecny;81;1781
473;obecny;64;3788
474;obecny;39;1463
475;nieobecny;94;1389
476;obecny;100;3543
477;nieobecny;33;3601
478;obecny;89;1656
479;nieobecny;35;2645
480;nieobecny;65;1266
481;obecny;13;3578
482;obecny;45;1799
483;nieobecny;53;38
484;obecny;100;2872
485;obecny;20;2269
486;spóźniony;99;1262
487;nieobecny;50;4104
488;obecny;61;3740
489;spóźniony;96;246
490;obecny;69;86
491;obecny;44;3645
492;nieobecny;89;159
493;spóźniony;28;3265
494;spóźniony;68;526
495;obecny;63;1942
496;obecny;1;3969
497;obecny;11;1629
498;obecny;80;3233
499;obecny;69;3325
500;spóźniony;95;1291
501;obecny;57;2554
502;spóźniony;96;148
503;obecny;44;4078
504;obecny;67;3410
505;spóźniony;32;3956
506;spóźniony;2;3977
507;obecny;18;3222
508;spóźniony;26;3483
509;nieobecny;19;942
510;obecny;4;1704
511;spóźniony;95;3108
512;nieobecny;14;1817
513;nieobecny;55;333
514;spóźniony;56;1257
515;spóźniony;37;86
516;obecny;78;2943
517;obecny;57;476
518;spóźniony;52;3807
519;nieobecny;95;386
520;spóźniony;92;3036
521;nieobecny;46;2540
522;spóźniony;8;2405
523;nieobecny;71;2431
524;spóźniony;3;2016
525;nieobecny;92;722
526;spóźniony;77;4214
527;obecny;64;1080
528;obecny;57;3983
529;spóźniony;20;4305
530;nieobecny;6;2731
531;obecny;81;980
532;nieobecny;14;618
533;nieobecny;94;3921
534;obecny;48;2280
535;spóźniony;63;2839
536;spóźniony;16;3996
537;spóźniony;20;2839
538;nieobecny;52;3269
539;spóźniony;30;2313
540;obecny;53;936
541;spóźniony;99;390
542;obecny;67;3416
543;spóźniony;61;2474
544;obecny;22;3042
545;obecny;25;2887
546;spóźniony;73;1955
547;nieobecny;26;2662
548;spóźniony;93;1829
549;nieobecny;43;2951
550;obecny;95;1859
551;spóźniony;16;541
552;obecny;6;3248
553;nieobecny;64;2440
554;nieobecny;97;3780
555;obecny;23;515
556;spóźniony;96;2874
557;nieobecny;40;513
558;spóźniony;9;3271
559;spóźniony;23;2822
560;spóźniony;23;3246
561;obecny;59;4251
562;obecny;40;2337
563;nieobecny;24;3296
564;spóźniony;76;1305
565;spóźniony;3;2199
566;spóźniony;51;3230
567;spóźniony;71;665
568;nieobecny;65;3698
569;spóźniony;65;3081
570;obecny;85;4193
571;obecny;75;1908
572;nieobecny;18;2763
573;spóźniony;84;501
574;nieobecny;55;940
575;obecny;2;1390
576;spóźniony;17;549
577;obecny;86;309
578;nieobecny;62;1104
579;nieobecny;67;471
580;nieobecny;23;1251
581;nieobecny;91;1463
582;spóźniony;97;2407
583;nieobecny;35;2332
584;obecny;69;1235
585;spóźniony;56;2020
586;spóźniony;90;1828
587;spóźniony;40;1582
588;obecny;48;4066
589;spóźniony;61;3672
590;nieobecny;67;2574
591;spóźniony;35;24
592;obecny;74;2570
593;nieobecny;50;2517
594;nieobecny;18;2365
595;nieobecny;93;1198
596;nieobecny;12;2154
597;nieobecny;6;4320
598;nieobecny;33;1314
599;spóźniony;53;4192
600;nieobecny;21;1478
601;spóźniony;4;4211
602;nieobecny;17;3881
603;spóźniony;15;869
604;nieobecny;54;759
605;nieobecny;64;3832
606;spóźniony;30;1843
607;nieobecny;67;1867
608;nieobecny;93;3427
609;spóźniony;88;2782
610;obecny;53;2921
611;nieobecny;79;3659
612;nieobecny;1;3267
613;nieobecny;46;4130
614;nieobecny;49;1372
615;spóźniony;81;176
616;spóźniony;32;1784
617;spóźniony;15;3944
618;spóźniony;42;400
619;nieobecny;40;167
620;spóźniony;11;123
621;obecny;21;255
622;spóźniony;16;2378
623;nieobecny;76;1098
624;spóźniony;94;544
625;spóźniony;86;2226
626;spóźniony;47;1647
627;obecny;69;1588
628;spóźniony;98;600
629;nieobecny;71;667
630;nieobecny;40;1038
631;obecny;97;3689
632;obecny;33;1937
633;obecny;62;723
634;nieobecny;71;3841
635;obecny;65;2535
636;spóźniony;49;1609
637;obecny;29;1173
638;spóźniony;53;4224
639;nieobecny;38;1318
640;nieobecny;58;3798
641;spóźniony;20;2813
642;spóźniony;88;3780
643;obecny;3;2119
644;spóźniony;11;1301
645;obecny;98;2703
646;obecny;22;2575
647;nieobecny;14;4206
648;obecny;22;3877
649;obecny;27;1321
650;spóźniony;89;2986
651;spóźniony;26;1335
652;obecny;34;1157
653;nieobecny;17;1811
654;spóźniony;85;679
655;nieobecny;9;3977
656;nieobecny;7;3095
657;spóźniony;100;1557
658;obecny;37;1903
659;nieobecny;11;2740
660;obecny;1;1907
661;obecny;5;1316
662;obecny;36;1067
663;spóźniony;35;1242
664;obecny;52;2987
665;nieobecny;63;3570
666;spóźniony;5;227
667;obecny;24;2443
668;obecny;29;1516
669;nieobecny;3;297
670;spóźniony;6;2841
671;nieobecny;14;2877
672;nieobecny;93;2748
673;obecny;57;1355
674;obecny;6;1859
675;spóźniony;94;1791
676;nieobecny;85;2335
677;nieobecny;6;2103
678;spóźniony;10;2909
679;obecny;3;3170
680;nieobecny;34;3511
681;nieobecny;50;4144
682;spóźniony;84;377
683;nieobecny;100;932
684;nieobecny;96;2498
685;spóźniony;17;2754
686;spóźniony;48;2034
687;obecny;18;3731
688;obecny;90;1413
689;spóźniony;33;1385
690;nieobecny;60;1710
691;spóźniony;96;2102
692;obecny;79;2567
693;nieobecny;49;666
694;nieobecny;15;2866
695;obecny;49;1498
696;obecny;66;1187
697;nieobecny;91;922
698;nieobecny;80;522
699;nieobecny;80;2545
700;nieobecny;35;1966
701;nieobecny;98;1411
702;spóźniony;41;418
703;nieobecny;7;2096
704;obecny;76;703
705;spóźniony;70;4136
706;nieobecny;67;3025
707;obecny;35;2498
708;spóźniony;32;3565
709;spóźniony;2;1051
710;spóźniony;78;3492
711;obecny;53;2290
712;obecny;96;175
713;spóźniony;54;4053
714;obecny;32;1998
715;obecny;75;3623
716;spóźniony;3;983
717;spóźniony;26;4295
718;obecny;95;3200
719;obecny;53;1956
720;spóźniony;26;508
721;obecny;44;1728
722;spóźniony;39;3136
723;obecny;17;1509
724;nieobecny;89;1689
725;obecny;57;3014
726;spóźniony;92;2090
727;nieobecny;45;4188
728;nieobecny;58;3183
729;obecny;44;735
730;nieobecny;17;3230
731;obecny;50;433
732;spóźniony;27;2108
733;nieobecny;24;924
734;obecny;65;2864
735;obecny;29;2367
736;obecny;60;2795
737;spóźniony;66;3742
738;spóźniony;88;1099
739;spóźniony;34;2707
740;obecny;60;2003
741;spóźniony;88;1855
742;nieobecny;12;3221
743;obecny;50;2576
744;spóźniony;5;1091
745;nieobecny;33;2723
746;obecny;90;630
747;obecny;15;2649
748;nieobecny;29;444
749;obecny;82;558
750;obecny;67;682
751;spóźniony;23;606
752;obecny;22;4304
753;spóźniony;42;2325
754;obecny;8;396
755;obecny;82;4294
756;obecny;82;3887
757;obecny;75;3076
758;nieobecny;29;3377
759;obecny;94;299
760;spóźniony;98;4026
761;obecny;10;1931
762;spóźniony;8;1994
763;spóźniony;86;4263
764;obecny;36;2305
765;obecny;66;4172
766;nieobecny;25;915
767;nieobecny;98;1153
768;nieobecny;87;3876
769;nieobecny;92;902
770;spóźniony;82;3740
771;spóźniony;57;1966
772;spóźniony;11;111
773;spóźniony;18;124
774;nieobecny;69;1901
775;spóźniony;52;3459
776;spóźniony;68;3057
777;spóźniony;8;3211
778;nieobecny;3;269
779;nieobecny;82;691
780;spóźniony;58;2820
781;spóźniony;7;906
782;nieobecny;38;1258
783;obecny;44;2177
784;nieobecny;1;1531
785;obecny;52;958
786;nieobecny;12;2420
787;spóźniony;7;366
788;nieobecny;83;991
789;spóźniony;97;15
790;obecny;44;2944
791;nieobecny;48;2802
792;spóźniony;75;269
793;nieobecny;60;3786
794;nieobecny;98;1791
795;spóźniony;5;356
796;obecny;38;4173
797;obecny;62;2135
798;obecny;43;1942
799;spóźniony;17;478
800;spóźniony;93;234
801;obecny;80;2732
802;nieobecny;10;2071
803;spóźniony;20;1419
804;obecny;60;1536
805;nieobecny;27;3257
806;nieobecny;28;1227
807;nieobecny;90;391
808;spóźniony;87;937
809;nieobecny;59;2590
810;obecny;39;1420
811;obecny;46;2609
812;nieobecny;58;409
813;obecny;75;130
814;nieobecny;43;2732
815;nieobecny;67;1563
816;obecny;71;877
817;obecny;95;3816
818;spóźniony;42;4170
819;spóźniony;97;3859
820;obecny;35;3776
821;obecny;29;1524
822;nieobecny;34;3516
823;spóźniony;38;3736
824;spóźniony;65;22
825;nieobecny;93;3377
826;obecny;97;254
827;obecny;95;2304
828;nieobecny;37;597
829;nieobecny;68;1690
830;nieobecny;77;2825
831;obecny;64;2841
832;spóźniony;16;245
833;obecny;1;2416
834;obecny;31;3843
835;spóźniony;8;2
836;obecny;6;1538
837;nieobecny;82;2461
838;nieobecny;54;4294
839;nieobecny;11;2773
840;nieobecny;17;2170
841;nieobecny;78;355
842;nieobecny;60;2403
843;spóźniony;66;3424
844;nieobecny;41;4232
845;nieobecny;99;3394
846;spóźniony;62;3107
847;obecny;26;3584
848;obecny;96;612
849;obecny;67;8
850;spóźniony;74;2189
851;spóźniony;90;3201
852;nieobecny;13;3305
853;nieobecny;59;1958
854;spóźniony;71;1369
855;obecny;28;1218
856;spóźniony;5;2504
857;obecny;62;4060
858;obecny;83;4038
859;nieobecny;59;818
860;obecny;75;1094
861;obecny;48;2293
862;spóźniony;43;1403
863;nieobecny;51;2960
864;obecny;87;3311
865;nieobecny;77;2722
866;obecny;17;520
867;spóźniony;17;709
868;obecny;46;3012
869;nieobecny;12;4252
870;obecny;33;2696
871;nieobecny;78;888
872;nieobecny;89;2513
873;nieobecny;4;2762
874;spóźniony;16;1568
875;obecny;47;335
876;nieobecny;44;4098
877;nieobecny;42;1246
878;nieobecny;27;826
879;obecny;47;3854
880;nieobecny;90;2600
881;nieobecny;77;3335
882;nieobecny;57;719
883;spóźniony;52;492
884;nieobecny;42;2433
885;spóźniony;34;2834
886;nieobecny;22;4056
887;spóźniony;36;934
888;spóźniony;28;3991
889;nieobecny;74;3405
890;obecny;50;3858
891;spóźniony;57;3596
892;nieobecny;69;3098
893;spóźniony;47;2250
894;nieobecny;30;2655
895;nieobecny;54;4057
896;nieobecny;73;3564
897;spóźniony;72;3791
898;nieobecny;24;685
899;spóźniony;7;515
900;nieobecny;70;455
901;nieobecny;78;2422
902;spóźniony;48;3729
903;obecny;14;1050
904;nieobecny;20;512
905;spóźniony;22;3824
906;obecny;36;1884
907;obecny;4;3382
908;spóźniony;28;3126
909;obecny;37;347
910;spóźniony;90;3137
911;spóźniony;43;88
912;spóźniony;34;1863
913;obecny;99;1373
914;obecny;96;1417
915;spóźniony;100;572
916;spóźniony;35;3697
917;spóźniony;11;2347
918;nieobecny;81;703
919;obecny;100;2370
920;spóźniony;97;3711
921;nieobecny;58;1322
922;nieobecny;70;2356
923;spóźniony;83;1528
924;nieobecny;28;547
925;obecny;60;361
926;obecny;71;4111
927;obecny;78;3995
928;obecny;100;2766
929;spóźniony;15;4261
930;obecny;43;3057
931;nieobecny;99;3299
932;obecny;69;1947
933;obecny;12;3365
934;nieobecny;13;1754
935;nieobecny;90;2549
936;spóźniony;27;3154
937;nieobecny;47;74
938;obecny;61;138
939;obecny;53;2715
940;obecny;74;2642
941;spóźniony;96;2562
942;spóźniony;25;2760
943;obecny;19;2115
944;spóźniony;44;237
945;spóźniony;38;2682
946;obecny;83;270
947;spóźniony;63;3598
948;obecny;37;3111
949;nieobecny;99;2237
950;spóźniony;9;30
951;obecny;59;3271
952;obecny;65;470
953;obecny;62;114
954;nieobecny;43;1468
955;obecny;59;193
956;nieobecny;67;1318
957;spóźniony;63;4076
958;obecny;79;3753
959;nieobecny;90;3531
960;spóźniony;71;3513
961;obecny;44;3905
962;nieobecny;8;3972
963;obecny;91;1870
964;obecny;13;361
965;obecny;32;4108
966;obecny;45;1492
967;nieobecny;18;2592
968;nieobecny;86;3411
969;spóźniony;84;981
970;nieobecny;6;2593
971;obecny;8;4058
972;obecny;38;2840
973;nieobecny;34;1259
974;spóźniony;73;299
975;nieobecny;81;1047
976;nieobecny;4;3621
977;spóźniony;77;4129
978;nieobecny;72;1322
979;nieobecny;27;551
980;nieobecny;85;2881
981;nieobecny;60;3072
982;nieobecny;47;2443
983;spóźniony;23;431
984;nieobecny;72;1600
985;spóźniony;86;3959
986;spóźniony;78;2538
987;nieobecny;78;544
988;obecny;47;879
989;spóźniony;39;248
990;spóźniony;51;2219
991;spóźniony;47;2276
992;spóźniony;22;3743
993;obecny;86;1235
994;nieobecny;47;3160
995;nieobecny;96;520
996;nieobecny;23;1528
997;nieobecny;63;3129
998;spóźniony;70;4083
999;obecny;19;2304
1000;spóźniony;60;1674
1001;obecny;85;574
1002;obecny;10;2446
1003;obecny;16;800
1004;nieobecny;73;1090
1005;spóźniony;40;2911
1006;spóźniony;83;20
1007;nieobecny;50;2514
1008;spóźniony;11;4073
1009;nieobecny;23;2299
1010;obecny;73;4026
1011;obecny;50;2841
1012;spóźniony;85;1999
1013;nieobecny;17;3570
1014;spóźniony;10;4103
1015;nieobecny;7;1954
1016;spóźniony;100;3260
1017;nieobecny;20;1447
1018;obecny;22;1634
1019;obecny;56;2200
1020;obecny;32;2710
1021;obecny;42;2551
1022;spóźniony;78;416
1023;spóźniony;47;2580
1024;nieobecny;9;1089
1025;spóźniony;39;1792
1026;spóźniony;55;1561
1027;spóźniony;8;1800
1028;obecny;4;803
1029;spóźniony;79;198
1030;nieobecny;37;3669
1031;nieobecny;44;4282
1032;obecny;63;1977
1033;nieobecny;70;1578
1034;nieobecny;75;1692
1035;spóźniony;51;1006
1036;spóźniony;78;2606
1037;spóźniony;74;208
1038;spóźniony;8;3611
1039;spóźniony;11;54
1040;nieobecny;100;2275
1041;nieobecny;13;3843
1042;spóźniony;42;2404
1043;obecny;40;1481
1044;nieobecny;89;2120
1045;obecny;90;1938
1046;obecny;26;81
1047;obecny;85;3831
1048;spóźniony;29;3390
1049;nieobecny;42;2386
1050;obecny;56;501
1051;nieobecny;16;1245
1052;spóźniony;50;3337
1053;obecny;63;1446
1054;nieobecny;27;1464
1055;spóźniony;71;860
1056;obecny;10;3489
1057;nieobecny;77;3065
1058;spóźniony;56;4227
1059;obecny;52;2199
1060;obecny;6;3404
1061;spóźniony;56;2992
1062;obecny;20;1332
1063;obecny;64;515
1064;spóźniony;26;3085
1065;spóźniony;14;1009
1066;spóźniony;55;1874
1067;spóźniony;15;1072
1068;obecny;84;1947
1069;spóźniony;33;3468
1070;obecny;86;3706
1071;nieobecny;77;3574
1072;obecny;47;2353
1073;spóźniony;11;3791
1074;nieobecny;51;4042
1075;nieobecny;67;4087
1076;obecny;15;209
1077;obecny;97;2721
1078;obecny;76;1478
1079;nieobecny;23;1852
1080;spóźniony;1;2496
1081;nieobecny;79;1157
1082;obecny;30;1365
1083;spóźniony;77;1143
1084;obecny;47;3280
1085;spóźniony;80;3891
1086;spóźniony;98;1058
1087;spóźniony;83;1072
1088;spóźniony;27;2585
1089;spóźniony;67;1758
1090;obecny;1;2478
1091;nieobecny;79;1295
1092;obecny;29;303
1093;nieobecny;54;1485
1094;nieobecny;13;1414
1095;nieobecny;38;2532
1096;obecny;36;1477
1097;obecny;58;3105
1098;nieobecny;27;3554
1099;nieobecny;72;3140
1100;nieobecny;42;1951
1101;obecny;60;1577
1102;obecny;48;4040
1103;nieobecny;2;57
1104;spóźniony;28;865
1105;nieobecny;28;2874
1106;obecny;98;2502
1107;nieobecny;31;1079
1108;obecny;63;2645
1109;obecny;46;818
1110;nieobecny;91;241
1111;spóźniony;56;1190
1112;nieobecny;91;277
1113;obecny;66;2583
1114;nieobecny;75;1922
1115;spóźniony;6;1380
1116;obecny;30;2892
1117;nieobecny;76;3134
1118;nieobecny;14;1870
1119;obecny;76;2086
1120;obecny;94;3615
1121;obecny;47;1265
1122;obecny;17;217
1123;spóźniony;43;178
1124;spóźniony;57;4108
1125;spóźniony;83;3546
1126;obecny;77;3034
1127;nieobecny;77;1793
1128;spóźniony;26;3431
1129;spóźniony;13;97
1130;nieobecny;15;281
1131;nieobecny;15;2065
1132;spóźniony;45;1194
1133;nieobecny;67;3279
1134;nieobecny;99;801
1135;obecny;51;2202
1136;obecny;15;184
1137;spóźniony;1;34
1138;obecny;26;2539
1139;obecny;39;1464
1140;spóźniony;100;3783
1141;obecny;13;551
1142;obecny;86;712
1143;obecny;89;3877
1144;nieobecny;70;4023
1145;nieobecny;9;1962
1146;nieobecny;98;594
1147;nieobecny;57;472
1148;spóźniony;72;3623
1149;nieobecny;36;1872
1150;obecny;60;1817
1151;spóźniony;15;1890
1152;nieobecny;49;2774
1153;obecny;42;1795
1154;spóźniony;41;412
1155;obecny;45;930
1156;nieobecny;17;2556
1157;spóźniony;36;1697
1158;nieobecny;64;1700
1159;obecny;41;448
1160;spóźniony;69;707
1161;spóźniony;41;1458
1162;spóźniony;86;730
1163;spóźniony;92;3956
1164;obecny;15;53
1165;obecny;95;2343
1166;obecny;61;2439
1167;spóźniony;56;1338
1168;spóźniony;94;3716
1169;obecny;40;509
1170;spóźniony;89;1559
1171;nieobecny;34;2109
1172;spóźniony;29;3385
1173;obecny;95;1282
1174;nieobecny;33;3499
1175;obecny;71;1979
1176;nieobecny;98;1824
1177;obecny;91;2809
1178;spóźniony;56;19
1179;spóźniony;55;2521
1180;obecny;7;717
1181;spóźniony;32;215
1182;spóźniony;43;3783
1183;spóźniony;19;2786
1184;spóźniony;6;735
1185;nieobecny;61;2234
1186;nieobecny;43;1298
1187;obecny;82;513
1188;nieobecny;18;3490
1189;obecny;27;2391
1190;obecny;75;1785
1191;nieobecny;55;193
1192;spóźniony;86;2942
1193;nieobecny;48;1387
1194;obecny;38;4073
1195;obecny;14;616
1196;nieobecny;78;4262
1197;spóźniony;48;3755
1198;nieobecny;66;1248
1199;nieobecny;87;1657
1200;spóźniony;85;307
1201;spóźniony;50;3394
1202;spóźniony;40;599
1203;spóźniony;78;1891
1204;obecny;100;811
1205;obecny;51;3042
1206;obecny;70;42
1207;obecny;55;2042
1208;spóźniony;57;2967
1209;obecny;37;3305
1210;obecny;19;552
1211;spóźniony;68;525
1212;nieobecny;75;2232
1213;nieobecny;65;3335
1214;nieobecny;99;1226
1215;obecny;89;1168
1216;spóźniony;33;1382
1217;nieobecny;69;2296
1218;obecny;9;1843
1219;nieobecny;30;3186
1220;nieobecny;94;1919
1221;nieobecny;52;608
1222;nieobecny;79;3242
1223;obecny;3;2887
1224;obecny;1;2956
1225;obecny;55;3484
1226;obecny;64;2986
1227;nieobecny;96;3394
1228;spóźniony;94;1066
1229;spóźniony;32;4129
1230;spóźniony;38;2214
1231;spóźniony;25;2912
1232;nieobecny;81;3007
1233;obecny;2;3871
1234;spóźniony;7;2264
1235;obecny;78;2577
1236;nieobecny;80;3831
1237;spóźniony;34;2039
1238;nieobecny;66;2890
1239;spóźniony;70;981
1240;spóźniony;72;2572
1241;spóźniony;65;1693
1242;spóźniony;1;2998
1243;obecny;90;939
1244;obecny;92;3915
1245;spóźniony;50;3840
1246;spóźniony;25;1128
1247;obecny;74;1475
1248;nieobecny;85;4016
1249;nieobecny;54;3881
1250;spóźniony;28;4068
1251;spóźniony;21;1704
1252;spóźniony;67;3379
1253;nieobecny;33;2169
1254;spóźniony;51;2292
1255;nieobecny;44;3021
1256;nieobecny;89;1786
1257;nieobecny;51;298
1258;obecny;24;1716
1259;spóźniony;94;1657
1260;spóźniony;19;1644
1261;nieobecny;93;475
1262;nieobecny;15;406
1263;spóźniony;25;764
1264;nieobecny;24;526
1265;obecny;54;4031
1266;obecny;55;3793
1267;obecny;24;893
1268;spóźniony;85;3897
1269;nieobecny;97;1454
1270;obecny;87;2448
1271;spóźniony;29;2889
1272;nieobecny;47;2464
1273;obecny;30;2547
1274;spóźniony;100;4212
1275;spóźniony;74;982
1276;nieobecny;79;3556
1277;nieobecny;29;1183
1278;spóźniony;96;1559
1279;nieobecny;5;3959
1280;obecny;57;2426
1281;nieobecny;14;2588
1282;obecny;14;1026
1283;nieobecny;72;2393
1284;nieobecny;73;3198
1285;nieobecny;47;2208
1286;spóźniony;4;855
1287;spóźniony;39;3842
1288;nieobecny;83;3795
1289;obecny;88;2305
1290;obecny;30;540
1291;spóźniony;98;3975
1292;obecny;91;2576
1293;spóźniony;91;3040
1294;nieobecny;88;1579
1295;obecny;4;2749
1296;obecny;30;98
1297;obecny;26;2465
1298;spóźniony;79;1123
1299;nieobecny;82;3347
1300;spóźniony;36;3133
1301;spóźniony;19;4171
1302;spóźniony;88;1379
1303;nieobecny;60;2915
1304;obecny;19;1544
1305;spóźniony;9;1986
1306;obecny;37;2194
1307;spóźniony;100;2975
1308;spóźniony;42;2327
1309;obecny;9;2833
1310;spóźniony;31;2783
1311;spóźniony;60;1356
1312;spóźniony;86;4250
1313;spóźniony;32;256
1314;spóźniony;55;611
1315;obecny;43;3698
1316;nieobecny;20;1248
1317;spóźniony;53;2419
1318;obecny;16;1026
1319;spóźniony;11;120
1320;obecny;60;3705
1321;spóźniony;100;110
1322;nieobecny;38;3892
1323;nieobecny;48;1312
1324;spóźniony;88;433
1325;spóźniony;91;284
1326;obecny;25;1361
1327;spóźniony;5;3492
1328;nieobecny;66;2197
1329;spóźniony;74;3882
1330;obecny;32;475
1331;obecny;60;406
1332;nieobecny;7;567
1333;spóźniony;25;2298
1334;nieobecny;9;2283
1335;nieobecny;55;1758
1336;nieobecny;52;2305
1337;nieobecny;84;314
1338;spóźniony;70;3482
1339;spóźniony;4;2216
1340;obecny;85;1360
1341;nieobecny;31;2611
1342;spóźniony;34;999
1343;nieobecny;72;2726
1344;nieobecny;62;1187
1345;nieobecny;41;3302
1346;spóźniony;46;1317
1347;nieobecny;88;937
1348;spóźniony;82;3499
1349;nieobecny;51;119
1350;obecny;58;248
1351;spóźniony;53;3761
1352;nieobecny;31;4096
1353;nieobecny;64;1992
1354;spóźniony;68;1856
1355;obecny;27;6
1356;obecny;6;1569
1357;obecny;66;2513
1358;obecny;99;985
1359;obecny;43;4224
1360;obecny;47;632
1361;spóźniony;53;2244
1362;nieobecny;49;1252
1363;nieobecny;23;4087
1364;obecny;4;3937
1365;nieobecny;38;3915
1366;nieobecny;44;2210
1367;obecny;28;1404
1368;nieobecny;19;987
1369;spóźniony;97;3306
1370;nieobecny;78;2466
1371;obecny;68;3902
1372;obecny;85;978
1373;obecny;48;3117
1374;obecny;41;2287
1375;spóźniony;26;2097
1376;obecny;57;1030
1377;spóźniony;24;3079
1378;spóźniony;95;3674
1379;spóźniony;23;2274
1380;obecny;32;901
1381;obecny;33;538
1382;obecny;21;976
1383;obecny;45;3986
1384;nieobecny;83;376
1385;spóźniony;25;2786
1386;obecny;86;1292
1387;nieobecny;51;732
1388;nieobecny;21;1023
1389;spóźniony;1;2884
1390;obecny;64;254
1391;spóźniony;1;3001
1392;obecny;56;2650
1393;spóźniony;22;160
1394;obecny;73;1681
1395;nieobecny;2;1873
1396;obecny;80;595
1397;spóźniony;30;3556
1398;obecny;18;3306
1399;nieobecny;30;1465
1400;nieobecny;98;2405
1401;nieobecny;37;1297
1402;nieobecny;86;611
1403;obecny;44;3520
1404;nieobecny;37;2556
1405;obecny;86;170
1406;nieobecny;20;1065
1407;obecny;6;1880
1408;nieobecny;26;4091
1409;spóźniony;100;3091
1410;nieobecny;96;3439
1411;spóźniony;30;2248
1412;obecny;31;2912
1413;spóźniony;15;3841
1414;obecny;58;3050
1415;nieobecny;55;3277
1416;nieobecny;98;457
1417;obecny;62;1108
1418;spóźniony;57;2997
1419;nieobecny;94;3938
1420;obecny;65;699
1421;nieobecny;98;31
1422;spóźniony;74;3713
1423;spóźniony;32;774
1424;obecny;71;708
1425;nieobecny;60;592
1426;obecny;89;344
1427;spóźniony;74;4263
1428;nieobecny;66;729
1429;nieobecny;11;2946
1430;spóźniony;99;1862
1431;spóźniony;75;604
1432;obecny;65;433
1433;nieobecny;84;3864
1434;spóźniony;94;777
1435;spóźniony;50;2072
1436;spóźniony;20;3064
1437;spóźniony;35;1723
1438;spóźniony;33;3574
1439;spóźniony;88;361
1440;spóźniony;34;1846
1441;spóźniony;95;2211
1442;spóźniony;100;1462
1443;spóźniony;70;1608
1444;nieobecny;77;2577
1445;nieobecny;9;426
1446;nieobecny;82;451
1447;nieobecny;28;2560
1448;obecny;2;771
1449;spóźniony;6;1116
1450;spóźniony;4;3428
1451;nieobecny;37;872
1452;obecny;76;3433
1453;nieobecny;9;3416
1454;obecny;22;3217
1455;nieobecny;33;2451
1456;spóźniony;51;618
1457;nieobecny;31;1695
1458;nieobecny;13;2515
1459;spóźniony;2;1932
1460;spóźniony;86;619
1461;nieobecny;58;3098
1462;obecny;87;4259
1463;nieobecny;56;2620
1464;obecny;75;681
1465;obecny;19;3966
1466;spóźniony;40;3428
1467;spóźniony;75;1465
1468;spóźniony;61;3432
1469;spóźniony;37;3419
1470;obecny;11;605
1471;spóźniony;88;495
1472;nieobecny;82;2989
1473;spóźniony;27;259
1474;spóźniony;36;1606
1475;spóźniony;44;3585
1476;spóźniony;56;951
1477;spóźniony;78;2124
1478;obecny;7;148
1479;nieobecny;21;2269
1480;spóźniony;42;3207
1481;obecny;7;1427
1482;obecny;29;1885
1483;nieobecny;18;2063
1484;nieobecny;31;4306
1485;nieobecny;29;3348
1486;nieobecny;2;294
1487;spóźniony;44;1909
1488;obecny;25;2437
1489;spóźniony;93;2516
1490;spóźniony;1;2740
1491;nieobecny;70;2347
1492;obecny;57;3829
1493;nieobecny;62;1518
1494;obecny;9;2863
1495;spóźniony;50;4192
1496;obecny;22;2409
1497;obecny;40;1146
1498;spóźniony;47;1688
1499;spóźniony;31;831
1500;spóźniony;39;1249
1501;nieobecny;15;4011
1502;nieobecny;71;3027
1503;obecny;58;2647
1504;nieobecny;55;3700
1505;nieobecny;96;1591
1506;spóźniony;91;731
1507;obecny;89;1881
1508;obecny;4;3177
1509;nieobecny;90;2927
1510;spóźniony;72;425
1511;obecny;52;3857
1512;obecny;70;2914
1513;obecny;49;117
1514;obecny;2;99
1515;obecny;78;914
1516;obecny;39;2331
1517;nieobecny;24;935
1518;obecny;33;3203
1519;nieobecny;47;24
1520;spóźniony;83;2261
1521;spóźniony;1;3052
1522;obecny;32;3147
1523;nieobecny;51;91
1524;spóźniony;89;703
1525;obecny;84;1657
1526;obecny;45;649
1527;obecny;7;3849
1528;nieobecny;34;2796
1529;spóźniony;1;3996
1530;nieobecny;25;3711
1531;obecny;44;539
1532;nieobecny;45;3633
1533;obecny;25;315
1534;obecny;65;4021
1535;spóźniony;14;4276
1536;nieobecny;52;1723
1537;nieobecny;32;1450
1538;nieobecny;44;3417
1539;nieobecny;71;1315
1540;obecny;59;1601
1541;nieobecny;17;960
1542;nieobecny;38;2093
1543;obecny;70;1378
1544;obecny;46;436
1545;spóźniony;10;2897
1546;spóźniony;33;1491
1547;nieobecny;96;2846
1548;obecny;33;334
1549;obecny;79;4208
1550;obecny;96;3857
1551;spóźniony;26;649
1552;obecny;38;1898
1553;obecny;71;3390
1554;obecny;81;666
1555;obecny;56;1749
1556;spóźniony;64;1747
1557;spóźniony;42;221
1558;obecny;9;754
1559;spóźniony;54;318
1560;nieobecny;26;682
1561;spóźniony;37;3287
1562;spóźniony;98;986
1563;spóźniony;81;844
1564;spóźniony;8;491
1565;nieobecny;51;2143
1566;obecny;7;1725
1567;obecny;67;2875
1568;obecny;51;2830
1569;nieobecny;39;3249
1570;obecny;18;1092
1571;spóźniony;63;2568
1572;obecny;50;657
1573;nieobecny;8;1806
1574;obecny;62;3135
1575;obecny;81;3314
1576;nieobecny;27;429
1577;spóźniony;18;587
1578;obecny;51;3903
1579;spóźniony;71;1145
1580;spóźniony;47;433
1581;obecny;51;1255
1582;spóźniony;20;2417
1583;nieobecny;11;576
1584;obecny;95;3326
1585;obecny;78;3482
1586;nieobecny;36;3171
1587;spóźniony;74;1893
1588;nieobecny;28;1129
1589;nieobecny;77;591
1590;spóźniony;90;1129
1591;obecny;15;1241
1592;spóźniony;53;4086
1593;spóźniony;57;3405
1594;spóźniony;87;382
1595;obecny;57;833
1596;spóźniony;68;3095
1597;spóźniony;79;1468
1598;obecny;35;987
1599;obecny;39;3857
1600;obecny;27;2148
1601;spóźniony;8;1631
1602;spóźniony;30;2298
1603;nieobecny;16;1956
1604;nieobecny;2;351
1605;spóźniony;29;3052
1606;nieobecny;50;3322
1607;nieobecny;61;2871
1608;spóźniony;33;1220
1609;nieobecny;78;3844
1610;obecny;19;3094
1611;obecny;2;2956
1612;obecny;57;680
1613;nieobecny;97;1944
1614;obecny;24;2432
1615;obecny;33;2294
1616;nieobecny;18;2325
1617;nieobecny;94;4293
1618;nieobecny;42;2202
1619;obecny;54;501
1620;spóźniony;1;564
1621;nieobecny;40;43
1622;obecny;10;965
1623;obecny;50;680
1624;nieobecny;72;4275
1625;obecny;34;3661
1626;nieobecny;65;3964
1627;spóźniony;79;601
1628;nieobecny;20;2886
1629;nieobecny;32;1420
1630;nieobecny;52;3201
1631;obecny;38;493
1632;spóźniony;77;618
1633;obecny;35;2772
1634;nieobecny;83;704
1635;spóźniony;6;2567
1636;spóźniony;82;3717
1637;obecny;25;2778
1638;nieobecny;87;3141
1639;nieobecny;95;4054
1640;nieobecny;81;1191
1641;spóźniony;7;796
1642;obecny;43;1034
1643;nieobecny;39;196
1644;spóźniony;37;243
1645;nieobecny;11;1306
1646;nieobecny;19;4243
1647;obecny;54;741
1648;spóźniony;23;1761
1649;obecny;96;965
1650;spóźniony;45;3904
1651;obecny;31;4274
1652;spóźniony;81;197
1653;spóźniony;99;2617
1654;nieobecny;90;3190
1655;nieobecny;98;273
1656;obecny;21;2640
1657;nieobecny;7;1364
1658;obecny;29;2508
1659;obecny;50;3793
1660;obecny;50;54
1661;spóźniony;98;2767
1662;obecny;5;1611
1663;nieobecny;5;486
1664;obecny;73;1716
1665;obecny;59;2374
1666;obecny;98;2724
1667;nieobecny;23;3275
1668;spóźniony;38;2360
1669;obecny;50;3162
1670;spóźniony;42;2781
1671;obecny;24;813
1672;nieobecny;27;739
1673;nieobecny;41;1761
1674;spóźniony;70;926
1675;nieobecny;62;915
1676;obecny;30;2317
1677;obecny;6;872
1678;nieobecny;95;299
1679;spóźniony;12;1127
1680;obecny;81;1646
1681;obecny;62;1416
1682;obecny;11;2527
1683;nieobecny;48;2672
1684;obecny;56;3335
1685;obecny;88;4003
1686;nieobecny;39;2273
1687;spóźniony;49;1394
1688;nieobecny;65;1109
1689;obecny;47;781
1690;nieobecny;48;3784
1691;spóźniony;95;1719
1692;nieobecny;33;1980
1693;nieobecny;99;123
1694;obecny;80;2370
1695;spóźniony;30;2649
1696;spóźniony;5;510
1697;obecny;8;1957
1698;obecny;64;3778
1699;spóźniony;17;2651
1700;nieobecny;47;4318
1701;spóźniony;24;3270
1702;spóźniony;49;3392
1703;obecny;65;3009
1704;spóźniony;21;3792
1705;nieobecny;67;2315
1706;nieobecny;93;3759
1707;obecny;93;455
1708;nieobecny;23;1854
1709;nieobecny;73;1318
1710;spóźniony;21;3666
1711;spóźniony;57;2003
1712;spóźniony;42;9
1713;obecny;39;3300
1714;nieobecny;3;1791
1715;nieobecny;74;1397
1716;obecny;42;1185
1717;nieobecny;6;378
1718;spóźniony;33;4305
1719;obecny;64;2905
1720;nieobecny;81;675
1721;obecny;75;1153
1722;obecny;80;2889
1723;spóźniony;28;2493
1724;spóźniony;16;111
1725;spóźniony;97;4152
1726;spóźniony;44;2431
1727;obecny;60;719
1728;obecny;100;4101
1729;obecny;12;3552
1730;nieobecny;78;1194
1731;nieobecny;67;499
1732;obecny;92;435
1733;nieobecny;2;3379
1734;spóźniony;57;2037
1735;spóźniony;60;529
1736;obecny;93;3467
1737;obecny;37;114
1738;obecny;48;3485
1739;nieobecny;66;897
1740;nieobecny;55;1986
1741;obecny;88;3962
1742;nieobecny;46;3231
1743;nieobecny;82;3506
1744;spóźniony;80;3142
1745;spóźniony;71;1866
1746;spóźniony;50;3908
1747;nieobecny;90;2782
1748;spóźniony;60;3897
1749;spóźniony;73;4010
1750;obecny;43;2925
1751;obecny;42;1300
1752;nieobecny;9;3169
1753;obecny;74;1659
1754;spóźniony;93;3598
1755;obecny;74;3149
1756;nieobecny;46;3502
1757;nieobecny;97;495
1758;spóźniony;66;2308
1759;spóźniony;86;1327
1760;obecny;24;3481
1761;spóźniony;69;1170
1762;spóźniony;80;919
1763;nieobecny;91;2846
1764;nieobecny;30;4099
1765;spóźniony;63;1866
1766;obecny;68;713
1767;spóźniony;31;317
1768;spóźniony;56;2262
1769;spóźniony;54;1275
1770;spóźniony;6;4000
1771;spóźniony;9;2603
1772;nieobecny;61;2916
1773;spóźniony;17;2740
1774;spóźniony;67;4193
1775;obecny;35;687
1776;spóźniony;85;2088
1777;spóźniony;9;1058
1778;obecny;87;1160
1779;obecny;57;322
1780;nieobecny;83;2654
1781;obecny;37;1577
1782;spóźniony;39;3901
1783;obecny;72;2592
1784;obecny;22;1746
1785;nieobecny;39;847
1786;nieobecny;89;2000
1787;spóźniony;95;2350
1788;obecny;79;3627
1789;nieobecny;61;4009
1790;nieobecny;14;4074
1791;spóźniony;16;3720
1792;spóźniony;18;3842
1793;obecny;4;3897
1794;spóźniony;19;2489
1795;obecny;36;3422
1796;spóźniony;19;4296
1797;obecny;65;2590
1798;spóźniony;20;1357
1799;nieobecny;92;278
1800;nieobecny;36;3594
1801;obecny;40;1995
1802;obecny;85;4290
1803;nieobecny;42;530
1804;nieobecny;23;1764
1805;spóźniony;50;3416
1806;spóźniony;73;813
1807;spóźniony;29;2549
1808;obecny;70;3138
1809;nieobecny;31;4242
1810;nieobecny;78;3336
1811;nieobecny;44;630
1812;obecny;57;1869
1813;nieobecny;23;1474
1814;obecny;61;1840
1815;obecny;66;4047
1816;obecny;74;2448
1817;spóźniony;31;2755
1818;spóźniony;31;1047
1819;obecny;94;767
1820;spóźniony;98;3680
1821;obecny;70;1751
1822;obecny;97;1568
1823;spóźniony;42;2042
1824;spóźniony;80;898
1825;spóźniony;49;2787
1826;obecny;20;3405
1827;nieobecny;54;2125
1828;obecny;14;3422
1829;nieobecny;95;2053
1830;spóźniony;93;936
1831;nieobecny;86;2235
1832;obecny;52;2450
1833;obecny;72;192
1834;spóźniony;39;1511
1835;spóźniony;98;316
1836;nieobecny;46;1753
1837;obecny;78;758
1838;nieobecny;6;2107
1839;nieobecny;18;356
1840;spóźniony;74;1192
1841;spóźniony;9;1825
1842;obecny;42;3706
1843;nieobecny;64;162
1844;obecny;8;428
1845;spóźniony;38;3547
1846;spóźniony;67;418
1847;nieobecny;27;2173
1848;obecny;81;358
1849;spóźniony;1;2377
1850;obecny;68;1756
1851;obecny;99;2097
1852;spóźniony;82;2598
1853;obecny;46;3706
1854;nieobecny;12;1535
1855;spóźniony;23;585
1856;obecny;89;1781
1857;spóźniony;58;687
1858;nieobecny;11;2029
1859;nieobecny;39;1530
1860;spóźniony;57;2705
1861;obecny;67;3604
1862;obecny;51;4205
1863;nieobecny;23;1804
1864;nieobecny;41;3219
1865;spóźniony;75;260
1866;nieobecny;62;401
1867;nieobecny;11;1120
1868;spóźniony;93;1924
1869;obecny;28;1262
1870;spóźniony;62;2800
1871;obecny;51;4004
1872;spóźniony;59;2001
1873;nieobecny;97;597
1874;nieobecny;35;3075
1875;spóźniony;62;2384
1876;nieobecny;20;1123
1877;nieobecny;51;1659
1878;nieobecny;82;710
1879;nieobecny;30;4089
1880;nieobecny;72;681
1881;nieobecny;45;1787
1882;obecny;10;3223
1883;obecny;95;3705
1884;nieobecny;25;29
1885;nieobecny;21;1196
1886;spóźniony;62;4279
1887;nieobecny;93;2242
1888;nieobecny;87;3946
1889;spóźniony;26;1602
1890;spóźniony;13;1144
1891;nieobecny;25;2778
1892;obecny;67;2709
1893;obecny;38;2667
1894;nieobecny;15;4277
1895;spóźniony;88;2668
1896;spóźniony;17;3823
1897;nieobecny;66;1041
1898;spóźniony;25;2315
1899;obecny;48;4150
1900;nieobecny;11;692
1901;nieobecny;54;2871
1902;spóźniony;95;2754
1903;nieobecny;14;2685
1904;obecny;24;2042
1905;spóźniony;18;3300
1906;spóźniony;85;3461
1907;spóźniony;49;3005
1908;spóźniony;39;3049
1909;nieobecny;49;3980
1910;nieobecny;91;151
1911;nieobecny;74;2493
1912;spóźniony;6;201
1913;nieobecny;47;2822
1914;obecny;13;3526
1915;nieobecny;4;2331
1916;nieobecny;59;85
1917;obecny;32;2233
1918;obecny;94;1311
1919;obecny;19;2615
1920;nieobecny;85;3656
1921;nieobecny;92;799
1922;nieobecny;86;1065
1923;spóźniony;97;3991
1924;spóźniony;83;738
1925;spóźniony;67;4221
1926;spóźniony;5;1217
1927;obecny;11;2513
1928;obecny;3;3835
1929;obecny;72;710
1930;nieobecny;73;2925
1931;spóźniony;65;1737
1932;spóźniony;91;662
1933;nieobecny;81;1416
1934;obecny;57;2144
1935;obecny;90;2725
1936;nieobecny;98;232
1937;spóźniony;93;885
1938;obecny;32;1952
1939;spóźniony;31;2426
1940;nieobecny;72;3345
1941;nieobecny;36;3550
1942;spóźniony;66;3412
1943;spóźniony;76;4047
1944;obecny;16;2183
1945;nieobecny;49;4275
1946;spóźniony;24;2664
1947;spóźniony;69;2412
1948;obecny;78;1332
1949;obecny;7;1361
1950;nieobecny;27;2947
1951;spóźniony;34;1688
1952;spóźniony;61;494
1953;nieobecny;4;565
1954;spóźniony;21;3012
1955;obecny;10;789
1956;spóźniony;61;4170
1957;spóźniony;43;185
1958;nieobecny;61;1041
1959;obecny;80;3213
1960;obecny;45;1855
1961;spóźniony;69;2587
1962;nieobecny;46;2100
1963;spóźniony;21;295
1964;nieobecny;66;217
1965;nieobecny;45;922
1966;spóźniony;53;3374
1967;nieobecny;77;1716
1968;nieobecny;74;3157
1969;nieobecny;78;353
1970;spóźniony;6;215
1971;obecny;69;1561
1972;obecny;67;4192
1973;nieobecny;91;1032
1974;spóźniony;99;3190
1975;nieobecny;29;2302
1976;nieobecny;70;2589
1977;spóźniony;35;469
1978;obecny;56;3976
1979;nieobecny;100;283
1980;obecny;96;3843
1981;nieobecny;28;539
1982;nieobecny;1;2928
1983;obecny;46;106
1984;nieobecny;96;1875
1985;spóźniony;54;3029
1986;obecny;80;3078
1987;obecny;7;3689
1988;nieobecny;20;2873
1989;obecny;80;641
1990;obecny;34;2035
1991;spóźniony;8;2896
1992;nieobecny;67;894
1993;spóźniony;44;1098
1994;obecny;95;2964
1995;nieobecny;94;2250
1996;nieobecny;38;1030
1997;spóźniony;82;3912
1998;nieobecny;39;1209
1999;spóźniony;94;1710
2000;nieobecny;24;1626
2001;spóźniony;31;781
2002;obecny;26;2691
2003;obecny;27;1426
2004;spóźniony;87;1417
2005;spóźniony;97;327
2006;obecny;13;1969
2007;spóźniony;19;4228
2008;obecny;66;71
2009;nieobecny;20;2636
2010;spóźniony;95;2272
2011;obecny;10;2800
2012;nieobecny;68;3705
2013;nieobecny;61;2895
2014;spóźniony;48;1125
2015;obecny;41;254
2016;obecny;52;2844
2017;nieobecny;86;1757
2018;spóźniony;71;2325
2019;obecny;73;3931
2020;obecny;84;1664
2021;spóźniony;20;2861
2022;spóźniony;44;1605
2023;obecny;4;2749
2024;spóźniony;17;1791
2025;spóźniony;11;3801
2026;spóźniony;55;732
2027;nieobecny;33;1094
2028;obecny;62;3658
2029;spóźniony;85;3108
2030;spóźniony;19;2145
2031;nieobecny;28;2216
2032;obecny;71;233
2033;spóźniony;34;3431
2034;nieobecny;97;306
2035;obecny;93;2731
2036;spóźniony;88;2994
2037;obecny;16;3761
2038;spóźniony;63;4023
2039;spóźniony;25;125
2040;obecny;48;609
2041;nieobecny;70;3170
2042;obecny;98;6
2043;obecny;81;2062
2044;spóźniony;54;3995
2045;spóźniony;32;1613
2046;spóźniony;97;301
2047;nieobecny;87;44
2048;spóźniony;32;4077
2049;nieobecny;58;1961
2050;nieobecny;54;3473
2051;obecny;82;830
2052;nieobecny;38;614
2053;nieobecny;39;1800
2054;nieobecny;40;789
2055;obecny;70;1594
2056;obecny;94;50
2057;spóźniony;32;2644
2058;spóźniony;48;1587
2059;obecny;76;922
2060;obecny;97;1419
2061;nieobecny;36;4207
2062;spóźniony;46;3697
2063;nieobecny;91;516
2064;obecny;26;3790
2065;spóźniony;58;1088
2066;spóźniony;8;3842
2067;obecny;77;2211
2068;nieobecny;54;3042
2069;obecny;9;1965
2070;spóźniony;8;1939
2071;obecny;83;3179
2072;obecny;5;2573
2073;obecny;25;2359
2074;nieobecny;9;3362
2075;nieobecny;80;1955
2076;nieobecny;33;2807
2077;spóźniony;65;363
2078;nieobecny;54;1025
2079;nieobecny;14;3873
2080;obecny;58;1363
2081;nieobecny;39;3052
2082;spóźniony;79;1761
2083;spóźniony;81;3097
2084;nieobecny;76;3944
2085;spóźniony;66;2771
2086;obecny;69;2474
2087;spóźniony;98;2518
2088;spóźniony;83;354
2089;obecny;30;2002
2090;spóźniony;26;614
2091;nieobecny;10;2936
2092;obecny;69;283
2093;nieobecny;2;2670
2094;nieobecny;95;2418
2095;obecny;99;236
2096;spóźniony;20;934
2097;obecny;82;600
2098;obecny;57;4020
2099;nieobecny;95;4300
2100;nieobecny;70;1123
2101;obecny;69;1666
2102;nieobecny;47;2396
2103;obecny;21;2397
2104;obecny;33;2169
2105;spóźniony;48;3233
2106;spóźniony;6;828
2107;obecny;78;1196
2108;nieobecny;53;4130
2109;spóźniony;67;3175
2110;nieobecny;15;2398
2111;obecny;95;1060
2112;spóźniony;86;8
2113;obecny;17;1746
2114;spóźniony;42;1362
2115;nieobecny;19;2749
2116;spóźniony;82;2701
2117;spóźniony;99;868
2118;nieobecny;84;2235
2119;obecny;42;1245
2120;spóźniony;53;3216
2121;spóźniony;44;509
2122;nieobecny;30;4226
2123;spóźniony;33;2332
2124;nieobecny;27;2565
2125;obecny;92;2208
2126;nieobecny;82;3370
2127;obecny;30;1638
2128;obecny;60;437
2129;spóźniony;53;1521
2130;obecny;2;3445
2131;obecny;71;1799
2132;nieobecny;76;3045
2133;obecny;72;122
2134;nieobecny;96;3759
2135;spóźniony;85;2895
2136;obecny;47;2661
2137;nieobecny;18;4104
2138;spóźniony;94;768
2139;obecny;48;2156
2140;obecny;35;887
2141;spóźniony;13;584
2142;nieobecny;22;2294
2143;spóźniony;52;2967
2144;nieobecny;36;2447
2145;obecny;18;3992
2146;spóźniony;61;119
2147;obecny;7;4223
2148;nieobecny;45;2267
2149;spóźniony;82;826
2150;spóźniony;30;4021
2151;spóźniony;77;2371
2152;nieobecny;27;1552
2153;obecny;26;2852
2154;obecny;14;3201
2155;nieobecny;53;734
2156;spóźniony;61;1401
2157;obecny;22;843
2158;spóźniony;9;3492
2159;nieobecny;79;4073
2160;obecny;45;955
2161;nieobecny;99;1248
2162;spóźniony;53;4090
2163;nieobecny;7;3730
2164;spóźniony;33;2387
2165;spóźniony;33;2721
2166;obecny;8;699
2167;obecny;46;877
2168;spóźniony;19;2554
2169;spóźniony;17;2095
2170;spóźniony;48;2074
2171;obecny;80;1211
2172;nieobecny;79;424
2173;obecny;65;1652
2174;nieobecny;86;646
2175;nieobecny;25;3649
2176;nieobecny;32;3203
2177;spóźniony;46;3717
2178;obecny;80;2245
2179;spóźniony;41;1063
2180;nieobecny;92;3660
2181;spóźniony;58;3653
2182;nieobecny;16;2945
2183;nieobecny;75;700
2184;obecny;92;1939
2185;obecny;40;2809
2186;obecny;15;3542
2187;obecny;90;776
2188;spóźniony;100;1861
2189;spóźniony;15;2643
2190;spóźniony;75;2385
2191;obecny;62;538
2192;spóźniony;6;2316
2193;obecny;74;2633
2194;nieobecny;37;1089
2195;spóźniony;73;735
2196;obecny;33;1419
2197;spóźniony;68;683
2198;obecny;12;3882
2199;obecny;48;2480
2200;nieobecny;21;2111
2201;spóźniony;11;1971
2202;nieobecny;18;1607
2203;spóźniony;16;588
2204;spóźniony;22;72
2205;spóźniony;69;2543
2206;obecny;36;3140
2207;spóźniony;73;1440
2208;obecny;77;939
2209;spóźniony;72;3629
2210;obecny;37;2454
2211;nieobecny;87;2508
2212;spóźniony;93;3410
2213;nieobecny;32;679
2214;obecny;23;113
2215;spóźniony;67;1169
2216;spóźniony;52;2564
2217;spóźniony;74;1672
2218;spóźniony;94;2485
2219;nieobecny;54;1001
2220;obecny;22;3461
2221;obecny;67;3437
2222;spóźniony;81;2807
2223;obecny;67;3144
2224;obecny;23;3086
2225;spóźniony;41;3296
2226;nieobecny;54;2294
2227;obecny;47;485
2228;nieobecny;32;3244
2229;spóźniony;91;418
2230;nieobecny;75;2798
2231;obecny;6;2921
2232;nieobecny;28;1834
2233;spóźniony;18;3600
2234;spóźniony;80;1670
2235;obecny;11;1339
2236;nieobecny;45;2124
2237;nieobecny;57;2396
2238;obecny;98;1203
2239;obecny;5;3315
2240;obecny;28;3905
2241;obecny;41;3558
2242;spóźniony;91;1014
2243;obecny;39;3859
2244;spóźniony;30;3320
2245;obecny;52;3915
2246;nieobecny;30;519
2247;spóźniony;42;2465
2248;obecny;14;325
2249;nieobecny;34;3315
2250;spóźniony;10;3138
2251;obecny;43;4212
2252;spóźniony;20;745
2253;spóźniony;91;1398
2254;spóźniony;20;3755
2255;obecny;91;2076
2256;obecny;59;2539
2257;obecny;38;3909
2258;obecny;56;3171
2259;spóźniony;79;911
2260;obecny;2;2089
2261;spóźniony;60;2125
2262;nieobecny;82;1053
2263;obecny;40;3287
2264;obecny;98;808
2265;nieobecny;4;2748
2266;nieobecny;4;915
2267;obecny;86;3513
2268;nieobecny;83;3241
2269;nieobecny;12;1116
2270;spóźniony;22;122
2271;obecny;11;1168
2272;spóźniony;54;1027
2273;nieobecny;25;3784
2274;nieobecny;59;3028
2275;obecny;41;571
2276;nieobecny;6;3457
2277;spóźniony;62;3275
2278;nieobecny;39;1261
2279;spóźniony;30;50
2280;obecny;59;3780
2281;spóźniony;56;3004
2282;spóźniony;38;2097
2283;spóźniony;51;1378
2284;spóźniony;97;2700
2285;obecny;57;3111
2286;spóźniony;65;2434
2287;obecny;62;3123
2288;nieobecny;38;2015
2289;obecny;29;3024
2290;spóźniony;86;2114
2291;obecny;54;1056
2292;obecny;78;3687
2293;nieobecny;61;2684
2294;spóźniony;94;392
2295;nieobecny;56;2367
2296;nieobecny;21;4226
2297;spóźniony;29;3701
2298;nieobecny;69;1828
2299;spóźniony;44;2477
2300;spóźniony;43;163
2301;spóźniony;48;831
2302;nieobecny;2;2649
2303;obecny;72;3586
2304;obecny;38;4214
2305;spóźniony;17;3817
2306;spóźniony;4;3293
2307;spóźniony;63;229
2308;spóźniony;50;116
2309;obecny;8;1485
2310;obecny;30;1595
2311;spóźniony;29;126
2312;nieobecny;96;4063
2313;nieobecny;99;896
2314;spóźniony;76;135
2315;nieobecny;69;3805
2316;spóźniony;60;2918
2317;obecny;44;2646
2318;nieobecny;98;4208
2319;spóźniony;54;498
2320;obecny;54;206
2321;nieobecny;87;2735
2322;nieobecny;45;1342
2323;spóźniony;90;2587
2324;nieobecny;70;3643
2325;spóźniony;5;3866
2326;nieobecny;55;2679
2327;nieobecny;24;2122
2328;spóźniony;27;2963
2329;nieobecny;56;1755
2330;nieobecny;51;1799
2331;obecny;70;3892
2332;spóźniony;40;4272
2333;obecny;63;1436
2334;nieobecny;74;2231
2335;spóźniony;7;2842
2336;nieobecny;80;946
2337;spóźniony;74;4227
2338;spóźniony;26;1769
2339;nieobecny;38;2582
2340;nieobecny;6;3149
2341;nieobecny;79;1693
2342;nieobecny;72;4294
2343;spóźniony;8;1153
2344;nieobecny;85;3264
2345;nieobecny;28;629
2346;spóźniony;13;3594
2347;spóźniony;70;2284
2348;spóźniony;49;1884
2349;spóźniony;17;2669
2350;nieobecny;81;2722
2351;obecny;94;1191
2352;spóźniony;59;1574
2353;nieobecny;69;3366
2354;nieobecny;75;33
2355;obecny;59;2860
2356;spóźniony;8;2437
2357;spóźniony;29;4259
2358;obecny;26;2672
2359;nieobecny;85;2840
2360;spóźniony;62;3930
2361;obecny;53;3912
2362;spóźniony;65;1347
2363;spóźniony;63;469
2364;obecny;43;1153
2365;obecny;37;2644
2366;nieobecny;52;508
2367;spóźniony;78;1011
2368;spóźniony;27;271
2369;spóźniony;13;4020
2370;nieobecny;38;423
2371;obecny;99;2672
2372;spóźniony;30;2309
2373;spóźniony;56;3459
2374;obecny;28;907
2375;nieobecny;74;3209
2376;nieobecny;88;3757
2377;spóźniony;96;3416
2378;nieobecny;62;3317
2379;nieobecny;59;266
2380;nieobecny;33;3794
2381;spóźniony;25;2939
2382;obecny;41;4059
2383;spóźniony;85;1734
2384;obecny;47;121
2385;spóźniony;70;4208
2386;obecny;50;273
2387;spóźniony;23;3258
2388;nieobecny;75;1486
2389;spóźniony;100;1004
2390;nieobecny;33;2252
2391;obecny;73;2377
2392;obecny;8;442
2393;obecny;21;1266
2394;nieobecny;34;2669
2395;obecny;49;2098
2396;nieobecny;22;3685
2397;nieobecny;81;3850
2398;obecny;6;1626
2399;obecny;63;3033
2400;nieobecny;34;3293
2401;obecny;44;221
2402;obecny;98;585
2403;nieobecny;6;4229
2404;obecny;77;1766
2405;obecny;38;1487
2406;spóźniony;70;2400
2407;spóźniony;16;124
2408;nieobecny;16;1540
2409;nieobecny;44;4011
2410;nieobecny;48;1108
2411;spóźniony;10;2020
2412;obecny;45;3539
2413;spóźniony;81;2610
2414;nieobecny;66;2549
2415;nieobecny;47;4069
2416;spóźniony;65;2587
2417;spóźniony;26;1125
2418;spóźniony;54;1157
2419;obecny;85;1485
2420;obecny;81;1026
2421;spóźniony;25;3264
2422;obecny;58;105
2423;spóźniony;55;2796
2424;nieobecny;44;4208
2425;spóźniony;96;4260
2426;obecny;5;415
2427;spóźniony;55;2082
2428;nieobecny;31;1960
2429;nieobecny;65;2784
2430;nieobecny;88;2420
2431;nieobecny;23;760
2432;nieobecny;46;2026
2433;nieobecny;39;615
2434;obecny;87;3090
2435;spóźniony;45;2103
2436;nieobecny;95;3084
2437;spóźniony;74;969
2438;spóźniony;78;418
2439;spóźniony;89;3035
2440;nieobecny;52;3925
2441;obecny;18;2781
2442;nieobecny;87;284
2443;nieobecny;59;3039
2444;obecny;86;3418
2445;obecny;4;2824
2446;nieobecny;20;2301
2447;spóźniony;93;4261
2448;nieobecny;95;4102
2449;nieobecny;24;363
2450;spóźniony;11;41
2451;nieobecny;54;355
2452;nieobecny;21;317
2453;nieobecny;81;1575
2454;spóźniony;6;1035
2455;nieobecny;12;2204
2456;spóźniony;97;780
2457;obecny;14;3932
2458;nieobecny;27;3705
2459;nieobecny;46;4252
2460;spóźniony;76;3403
2461;obecny;62;2535
2462;spóźniony;38;1919
2463;obecny;83;3890
2464;nieobecny;44;1338
2465;spóźniony;81;647
2466;obecny;71;517
2467;obecny;27;4305
2468;nieobecny;43;447
2469;nieobecny;73;2971
2470;nieobecny;79;1422
2471;nieobecny;98;2503
2472;obecny;52;1964
2473;spóźniony;16;2029
2474;spóźniony;15;2380
2475;obecny;16;3203
2476;obecny;22;2598
2477;spóźniony;87;4300
2478;nieobecny;49;3337
2479;nieobecny;25;562
2480;nieobecny;88;1782
2481;obecny;39;1750
2482;nieobecny;36;1217
2483;obecny;70;3418
2484;spóźniony;68;1098
2485;obecny;39;1480
2486;obecny;9;2194
2487;obecny;5;3362
2488;nieobecny;99;1662
2489;nieobecny;60;3067
2490;obecny;59;4072
2491;nieobecny;4;168
2492;spóźniony;24;242
2493;nieobecny;18;425
2494;obecny;77;939
2495;nieobecny;24;1999
2496;spóźniony;49;1149
2497;obecny;42;2562
2498;nieobecny;38;1023
2499;spóźniony;15;2510
2500;obecny;60;791
2501;nieobecny;84;2950
2502;spóźniony;84;561
2503;spóźniony;45;3272
2504;nieobecny;19;105
2505;nieobecny;34;2928
2506;nieobecny;20;954
2507;nieobecny;17;3204
2508;obecny;55;4197
2509;spóźniony;39;615
2510;nieobecny;61;3897
2511;nieobecny;25;2325
2512;nieobecny;48;511
2513;obecny;99;425
2514;spóźniony;68;2781
2515;nieobecny;99;2119
2516;nieobecny;93;3474
2517;obecny;73;2777
2518;spóźniony;94;3989
2519;nieobecny;12;82
2520;spóźniony;4;2636
2521;nieobecny;53;2175
2522;spóźniony;15;3598
2523;obecny;17;943
2524;spóźniony;3;457
2525;nieobecny;83;1803
2526;obecny;37;3721
2527;obecny;17;4209
2528;spóźniony;37;2121
2529;nieobecny;70;723
2530;nieobecny;25;487
2531;nieobecny;14;3325
2532;nieobecny;89;4073
2533;nieobecny;28;792
2534;obecny;34;102
2535;nieobecny;60;1401
2536;obecny;1;1769
2537;obecny;47;792
2538;spóźniony;91;147
2539;spóźniony;36;2461
2540;obecny;67;3687
2541;obecny;77;1940
2542;obecny;86;571
2543;spóźniony;48;2302
2544;spóźniony;82;116
2545;nieobecny;36;2618
2546;spóźniony;93;1385
2547;nieobecny;36;3235
2548;nieobecny;31;392
2549;spóźniony;66;3944
2550;spóźniony;11;285
2551;nieobecny;32;29
2552;nieobecny;64;2991
2553;spóźniony;51;1023
2554;nieobecny;37;1464
2555;nieobecny;29;736
2556;obecny;75;3773
2557;obecny;88;3431
2558;nieobecny;81;1326
2559;obecny;87;1542
2560;obecny;73;2095
2561;spóźniony;53;1689
2562;obecny;30;920
2563;nieobecny;16;1070
2564;spóźniony;85;1450
2565;spóźniony;79;3049
2566;obecny;48;2067
2567;obecny;80;1862
2568;nieobecny;5;834
2569;spóźniony;6;933
2570;nieobecny;29;175
2571;obecny;26;1201
2572;obecny;44;144
2573;spóźniony;85;1635
2574;nieobecny;84;2097
2575;obecny;65;1001
2576;obecny;8;181
2577;spóźniony;62;3439
2578;nieobecny;23;366
2579;spóźniony;67;2485
2580;obecny;18;2149
2581;nieobecny;15;239
2582;obecny;31;1968
2583;nieobecny;47;3439
2584;spóźniony;2;1318
2585;obecny;61;3134
2586;nieobecny;90;724
2587;nieobecny;13;2282
2588;spóźniony;89;1399
2589;nieobecny;37;2938
2590;nieobecny;40;224
2591;spóźniony;3;3883
2592;obecny;4;511
2593;nieobecny;97;450
2594;nieobecny;99;3294
2595;obecny;12;208
2596;obecny;18;1880
2597;nieobecny;50;609
2598;spóźniony;88;1734
2599;obecny;43;1140
2600;spóźniony;95;2518
2601;obecny;82;1871
2602;obecny;96;1199
2603;obecny;55;1365
2604;spóźniony;91;3477
2605;spóźniony;81;303
2606;spóźniony;42;1635
2607;obecny;99;2344
2608;nieobecny;34;2228
2609;spóźniony;15;1269
2610;spóźniony;42;962
2611;nieobecny;12;3337
2612;obecny;4;708
2613;spóźniony;74;1323
2614;nieobecny;6;1166
2615;spóźniony;79;3179
2616;spóźniony;38;919
2617;obecny;82;2443
2618;nieobecny;61;1445
2619;spóźniony;81;3682
2620;obecny;71;1925
2621;nieobecny;90;1092
2622;nieobecny;72;2690
2623;obecny;85;776
2624;obecny;17;50
2625;spóźniony;20;17
2626;obecny;74;826
2627;spóźniony;44;3332
2628;obecny;51;3191
2629;nieobecny;64;4301
2630;nieobecny;100;2560
2631;spóźniony;53;843
2632;nieobecny;24;2815
2633;obecny;29;3516
2634;nieobecny;53;3032
2635;obecny;86;2511
2636;obecny;93;2592
2637;nieobecny;48;267
2638;obecny;32;21
2639;obecny;98;1973
2640;obecny;73;2877
2641;nieobecny;51;55
2642;nieobecny;67;4184
2643;nieobecny;53;3902
2644;obecny;31;2105
2645;obecny;9;538
2646;spóźniony;82;825
2647;spóźniony;87;3965
2648;obecny;11;1539
2649;spóźniony;10;2655
2650;obecny;3;3961
2651;nieobecny;12;623
2652;spóźniony;85;2345
2653;nieobecny;72;3819
2654;nieobecny;4;42
2655;nieobecny;71;2925
2656;spóźniony;93;3145
2657;spóźniony;78;1
2658;obecny;13;449
2659;nieobecny;39;45
2660;obecny;79;3401
2661;nieobecny;77;1150
2662;nieobecny;66;3642
2663;nieobecny;29;3299
2664;nieobecny;36;3914
2665;spóźniony;97;1418
2666;obecny;96;2113
2667;spóźniony;9;29
2668;nieobecny;55;3545
2669;obecny;80;3402
2670;obecny;49;3969
2671;nieobecny;34;3582
2672;obecny;55;785
2673;obecny;19;3145
2674;nieobecny;93;82
2675;obecny;28;15
2676;spóźniony;52;3756
2677;nieobecny;8;409
2678;obecny;23;1912
2679;obecny;100;3172
2680;obecny;92;2363
2681;nieobecny;67;442
2682;spóźniony;24;1759
2683;spóźniony;8;683
2684;spóźniony;52;1464
2685;nieobecny;64;1013
2686;spóźniony;81;1305
2687;obecny;77;1209
2688;nieobecny;71;1042
2689;nieobecny;27;842
2690;obecny;20;2688
2691;obecny;24;53
2692;spóźniony;61;1157
2693;spóźniony;25;4217
2694;nieobecny;72;3173
2695;spóźniony;91;3485
2696;nieobecny;44;1510
2697;spóźniony;60;1668
2698;nieobecny;53;128
2699;obecny;34;1818
2700;nieobecny;1;3196
2701;nieobecny;15;3523
2702;obecny;19;345
2703;spóźniony;89;3586
2704;obecny;24;1219
2705;nieobecny;38;4036
2706;nieobecny;15;2261
2707;nieobecny;61;2114
2708;obecny;3;4320
2709;obecny;45;2134
2710;spóźniony;25;259
2711;obecny;4;2930
2712;obecny;48;1463
2713;obecny;89;3352
2714;nieobecny;30;3752
2715;obecny;78;3509
2716;nieobecny;81;3509
2717;obecny;22;2952
2718;spóźniony;95;480
2719;obecny;59;390
2720;nieobecny;88;1995
2721;obecny;39;4043
2722;spóźniony;43;574
2723;obecny;7;3470
2724;nieobecny;59;3393
2725;spóźniony;69;2226
2726;spóźniony;48;3036
2727;nieobecny;96;199
2728;nieobecny;96;4265
2729;spóźniony;28;985
2730;spóźniony;97;3873
2731;obecny;27;3952
2732;nieobecny;91;2865
2733;spóźniony;50;1237
2734;spóźniony;60;110
2735;spóźniony;4;686
2736;spóźniony;96;2313
2737;nieobecny;36;2892
2738;nieobecny;44;4079
2739;obecny;40;1869
2740;spóźniony;13;1242
2741;spóźniony;16;889
2742;obecny;99;1506
2743;spóźniony;7;711
2744;nieobecny;89;3470
2745;spóźniony;72;576
2746;obecny;76;3165
2747;nieobecny;89;2794
2748;nieobecny;49;2027
2749;nieobecny;44;2725
2750;nieobecny;20;3511
2751;spóźniony;97;4157
2752;nieobecny;48;3726
2753;nieobecny;21;4249
2754;spóźniony;30;3532
2755;nieobecny;1;2041
2756;spóźniony;9;1635
2757;spóźniony;60;3677
2758;obecny;41;3314
2759;nieobecny;23;1693
2760;spóźniony;92;1500
2761;obecny;68;3866
2762;spóźniony;66;4068
2763;nieobecny;88;4167
2764;spóźniony;95;3740
2765;spóźniony;87;3786
2766;spóźniony;34;2472
2767;obecny;65;3627
2768;spóźniony;41;1362
2769;spóźniony;82;3759
2770;obecny;52;3958
2771;spóźniony;39;3435
2772;nieobecny;61;3168
2773;nieobecny;58;3371
2774;obecny;77;3499
2775;nieobecny;77;529
2776;obecny;89;2186
2777;nieobecny;85;1242
2778;nieobecny;74;1500
2779;spóźniony;41;4089
2780;spóźniony;9;321
2781;nieobecny;45;900
2782;spóźniony;77;419
2783;nieobecny;83;84
2784;spóźniony;43;2472
2785;spóźniony;16;1261
2786;obecny;52;3901
2787;nieobecny;78;3173
2788;spóźniony;87;4114
2789;obecny;95;3778
2790;nieobecny;55;1260
2791;obecny;34;4300
2792;nieobecny;13;568
2793;nieobecny;45;1021
2794;nieobecny;5;1928
2795;obecny;47;1718
2796;nieobecny;79;1835
2797;nieobecny;68;2296
2798;spóźniony;45;2560
2799;obecny;33;1579
2800;spóźniony;66;3977
2801;obecny;28;3414
2802;nieobecny;27;4187
2803;nieobecny;72;796
2804;obecny;54;1036
2805;obecny;87;2557
2806;nieobecny;94;894
2807;nieobecny;44;4164
2808;spóźniony;28;4126
2809;spóźniony;99;1363
2810;nieobecny;58;3194
2811;spóźniony;34;2820
2812;obecny;76;3352
2813;obecny;33;2425
2814;nieobecny;12;1448
2815;nieobecny;13;4309
2816;obecny;37;1951
2817;nieobecny;46;355
2818;spóźniony;98;2430
2819;spóźniony;47;669
2820;spóźniony;31;4283
2821;spóźniony;69;367
2822;spóźniony;83;1775
2823;spóźniony;37;2375
2824;spóźniony;82;3829
2825;obecny;35;3181
2826;spóźniony;78;964
2827;spóźniony;10;643
2828;nieobecny;1;374
2829;obecny;80;1386
2830;spóźniony;48;2290
2831;nieobecny;3;3615
2832;obecny;73;963
2833;obecny;15;1495
2834;spóźniony;3;916
2835;obecny;69;994
2836;obecny;14;721
2837;obecny;32;2081
2838;nieobecny;8;2964
2839;nieobecny;45;1883
2840;spóźniony;12;749
2841;nieobecny;99;188
2842;spóźniony;28;2696
2843;nieobecny;87;1415
2844;nieobecny;97;3765
2845;obecny;1;344
2846;nieobecny;20;4205
2847;nieobecny;24;199
2848;spóźniony;11;2401
2849;nieobecny;18;4023
2850;obecny;30;4184
2851;obecny;50;1345
2852;spóźniony;85;2244
2853;obecny;43;1940
2854;spóźniony;25;3646
2855;obecny;13;2754
2856;nieobecny;28;879
2857;nieobecny;95;505
2858;nieobecny;78;1639
2859;spóźniony;61;3803
2860;obecny;81;2175
2861;spóźniony;69;912
2862;obecny;90;3522
2863;obecny;14;1743
2864;spóźniony;57;3174
2865;obecny;30;2321
2866;nieobecny;13;2900
2867;obecny;19;3398
2868;nieobecny;53;3705
2869;nieobecny;45;2123
2870;spóźniony;59;2798
2871;obecny;95;859
2872;obecny;74;3401
2873;nieobecny;18;2106
2874;nieobecny;38;2777
2875;nieobecny;99;1056
2876;obecny;17;515
2877;spóźniony;49;2862
2878;nieobecny;94;375
2879;nieobecny;80;2169
2880;obecny;54;3455
2881;obecny;56;3086
2882;obecny;48;1358
2883;nieobecny;14;2140
2884;spóźniony;12;776
2885;obecny;75;1388
2886;obecny;75;1678
2887;nieobecny;9;871
2888;obecny;53;3053
2889;nieobecny;68;1042
2890;nieobecny;94;2708
2891;spóźniony;57;3127
2892;obecny;31;26
2893;obecny;54;684
2894;nieobecny;17;1217
2895;spóźniony;11;3714
2896;nieobecny;95;2721
2897;spóźniony;88;4149
2898;nieobecny;3;2071
2899;obecny;52;4261
2900;nieobecny;59;1169
2901;obecny;45;326
2902;obecny;79;142
2903;spóźniony;23;229
2904;spóźniony;90;168
2905;nieobecny;22;2081
2906;spóźniony;93;1544
2907;spóźniony;81;2514
2908;obecny;35;2304
2909;nieobecny;77;4144
2910;spóźniony;97;1242
2911;spóźniony;73;3409
2912;obecny;58;380
2913;spóźniony;67;623
2914;nieobecny;89;3433
2915;obecny;27;4026
2916;nieobecny;51;1074
2917;obecny;18;1136
2918;nieobecny;71;3831
2919;nieobecny;6;264
2920;obecny;96;470
2921;obecny;76;1978
2922;obecny;38;91
2923;spóźniony;11;1421
2924;obecny;68;2672
2925;obecny;88;2588
2926;spóźniony;57;4141
2927;obecny;8;4161
2928;spóźniony;49;25
2929;obecny;48;2524
2930;nieobecny;68;626
2931;spóźniony;14;2602
2932;spóźniony;73;1027
2933;obecny;77;82
2934;nieobecny;34;471
2935;spóźniony;71;3787
2936;obecny;96;3764
2937;spóźniony;17;2277
2938;nieobecny;85;1451
2939;obecny;73;1508
2940;obecny;75;1519
2941;obecny;18;1470
2942;obecny;90;1349
2943;obecny;23;2504
2944;spóźniony;38;3982
2945;obecny;57;1189
2946;nieobecny;7;3705
2947;nieobecny;55;2672
2948;obecny;64;3229
2949;obecny;30;553
2950;nieobecny;19;2656
2951;nieobecny;35;1743
2952;spóźniony;61;1693
2953;nieobecny;21;2615
2954;nieobecny;49;1202
2955;obecny;1;308
2956;nieobecny;92;2873
2957;spóźniony;69;1176
2958;spóźniony;99;1166
2959;nieobecny;91;1754
2960;obecny;15;1589
2961;nieobecny;7;3532
2962;nieobecny;29;3549
2963;obecny;47;374
2964;nieobecny;43;1606
2965;nieobecny;44;3749
2966;nieobecny;42;3467
2967;nieobecny;38;3540
2968;spóźniony;39;2906
2969;obecny;1;1836
2970;spóźniony;65;4072
2971;spóźniony;87;2997
2972;spóźniony;98;1008
2973;nieobecny;99;4245
2974;nieobecny;69;1043
2975;nieobecny;23;3231
2976;obecny;11;1023
2977;obecny;49;3994
2978;obecny;59;3704
2979;obecny;53;4068
2980;obecny;30;1758
2981;obecny;33;3714
2982;nieobecny;51;3415
2983;spóźniony;68;1104
2984;spóźniony;8;1663
2985;nieobecny;99;2269
2986;obecny;67;3670
2987;obecny;5;1601
2988;spóźniony;25;2069
2989;spóźniony;67;238
2990;nieobecny;97;2128
2991;spóźniony;41;769
2992;obecny;46;3975
2993;spóźniony;18;3766
2994;obecny;91;1029
2995;spóźniony;18;3175
2996;obecny;20;2295
2997;spóźniony;56;3837
2998;nieobecny;8;1010
2999;obecny;45;3200
3000;nieobecny;97;1186
3001;spóźniony;27;544
3002;nieobecny;18;1304
3003;spóźniony;50;533
3004;spóźniony;82;1813
3005;spóźniony;69;2345
3006;nieobecny;12;2510
3007;obecny;33;2943
3008;obecny;66;3207
3009;obecny;50;3915
3010;spóźniony;83;950
3011;nieobecny;51;2413
3012;spóźniony;24;2066
3013;nieobecny;54;5
3014;spóźniony;55;2875
3015;obecny;52;2007
3016;spóźniony;63;3124
3017;spóźniony;17;3272
3018;spóźniony;16;2249
3019;spóźniony;85;473
3020;obecny;52;276
3021;obecny;48;2440
3022;spóźniony;20;833
3023;obecny;38;4001
3024;spóźniony;8;1549
3025;nieobecny;42;2063
