uzytkownik_login;nazwisko;imie;haslo;rodzaj;email
Eq0At0Uo2;TOMCZAK;EWELINA;haslo;U;przykladowy@mail.xd
By7Mv8Gt5;CIESIELSKI;STEFANIA;haslo;U;przykladowy@mail.xd
Ku7Qr0Dh1;BEDNAREK;MARIA;haslo;U;przykladowy@mail.xd
Zn4Hu0Gg5;ZIELIŃSKI;LECH;haslo;U;przykladowy@mail.xd
Au2Rg3Tm3;KANIA;WERONIKA;haslo;U;przykladowy@mail.xd
Ne0La3Gw6;GŁOWACKA;BRONISŁAW;haslo;U;przykladowy@mail.xd
Zb1Yv2Mm9;ZALEWSKA;NORBERT;haslo;U;przykladowy@mail.xd
Jn9Ru8Hm0;PAJĄK;IGOR;haslo;U;przykladowy@mail.xd
Cd9Pm9Rb2;WŁODARCZYK;KONRAD;haslo;U;przykladowy@mail.xd
Qq3Cz7Pf0;TOMASZEWSKA;LUDWIK;haslo;U;przykladowy@mail.xd
Tg4Zn1Xw0;MILEWSKI;ZENON;haslo;U;przykladowy@mail.xd
Cs7Kf6Dt2;MACIEJEWSKI;JULIAN;haslo;U;przykladowy@mail.xd
Iv4Ev4Ke7;BOROWSKI;FRANCISZKA;haslo;U;przykladowy@mail.xd
Of6Ef8Ji0;ZAKRZEWSKA;JUSTYNA;haslo;U;przykladowy@mail.xd
Tx1Xd4Vd0;ZAKRZEWSKA;MARCEL;haslo;U;przykladowy@mail.xd
Rv1No4Yq6;MAJ;MICHALINA;haslo;U;przykladowy@mail.xd
Fy3Kw8Ep9;ROGOWSKI;BARBARA;haslo;U;przykladowy@mail.xd
Hr0Tc7Qx3;STEFAŃSKA;STEFANIA;haslo;U;przykladowy@mail.xd
Kr2Oc7Li7;MATUSIAK;SZYMON;haslo;U;przykladowy@mail.xd
Yl8Hl5Ox7;MICHALAK;GRZEGORZ;haslo;U;przykladowy@mail.xd
Ht2Hg4Dj2;WRONA;JULIAN;haslo;U;przykladowy@mail.xd
Lu9Eo0Cn1;DZIEDZIC;MIROSŁAW;haslo;U;przykladowy@mail.xd
Ib3Jd8Va8;ADAMCZYK;GABRIELA;haslo;U;przykladowy@mail.xd
Wn2Zv7Av0;KOWAL;ROBERT;haslo;U;przykladowy@mail.xd
Ud4Bi7Wc1;KOWALIK;IGNACY;haslo;U;przykladowy@mail.xd
Gy9Jz9Xk9;DZIEDZIC;ALAN;haslo;U;przykladowy@mail.xd
Ut4Wu8Iz2;SIKORA;WŁADYSŁAWA;haslo;U;przykladowy@mail.xd
Ap9Pq3Cx2;MADEJ;MIŁOSZ;haslo;U;przykladowy@mail.xd
Nl4Tr4Ju2;KOT;RYSZARD;haslo;U;przykladowy@mail.xd
Vq3Oc0Ew0;SZULC;WIKTORIA;haslo;U;przykladowy@mail.xd
Iw4St7Hz9;WÓJCIK;LECH;haslo;U;przykladowy@mail.xd
Gh2Fv6Pt8;PAWLIK;BOLESŁAW;haslo;U;przykladowy@mail.xd
Kt0Iq7Th3;LIS;ROZALIA;haslo;U;przykladowy@mail.xd
Ik2Fl4Ps6;KRAJEWSKA;MARIANNA;haslo;U;przykladowy@mail.xd
Uk1Eg3Vi2;JASIŃSKA;OSKAR;haslo;U;przykladowy@mail.xd
Fj7Sb8Vm6;KUCHARSKI;WITOLD;haslo;U;przykladowy@mail.xd
Sy3Wr6Vm9;SADOWSKI;LEOKADIA;haslo;U;przykladowy@mail.xd
Fj6Xu6Op9;KOZIOŁ;FRANCISZKA;haslo;U;przykladowy@mail.xd
Wa0Gt2Mo6;SOWA;LUCYNA;haslo;U;przykladowy@mail.xd
Eh2Mu4Ys1;KUREK;RENATA;haslo;U;przykladowy@mail.xd
Xv9Zp8Cj9;WITKOWSKA;PAWEŁ;haslo;U;przykladowy@mail.xd
Zn0Fo4Ng3;GRABOWSKA;HENRYKA;haslo;U;przykladowy@mail.xd
Cc6Ge6Ne9;SOSNOWSKI;BOGUSŁAWA;haslo;U;przykladowy@mail.xd
Wd5Re1Ya8;ADAMSKI;STEFAN;haslo;U;przykladowy@mail.xd
Ml1Zz7Cu3;LEWANDOWSKA;AGATA;haslo;U;przykladowy@mail.xd
Xm7Tn9Mk8;BARANOWSKI;MARIUSZ;haslo;U;przykladowy@mail.xd
Wx3Nl0Oi9;ADAMSKA;ANTONINA;haslo;U;przykladowy@mail.xd
Qf0Pj6Fh0;MICHALAK;STEFANIA;haslo;U;przykladowy@mail.xd
Ig5Dq4Nb8;KOŁODZIEJ;IRENA;haslo;U;przykladowy@mail.xd
We5Mt4Lj5;CHOJNACKA;KAROLINA;haslo;U;przykladowy@mail.xd
Cp3Ga0Va4;MAZUREK;WITOLD;haslo;U;przykladowy@mail.xd
Xu3Kh8Ox7;KRUPA;JÓZEFA;haslo;U;przykladowy@mail.xd
Rk6Wr8Ly0;JAWORSKI;PATRYK;haslo;U;przykladowy@mail.xd
Rt2Fa4Iv2;WYSOCKI;HENRYKA;haslo;U;przykladowy@mail.xd
Mc2Rd3Zt9;PIOTROWSKA;WIESŁAWA;haslo;U;przykladowy@mail.xd
Jc3Cj9Yz4;TOMCZYK;KRYSTIAN;haslo;U;przykladowy@mail.xd
Od0Pa7Mi5;MARKIEWICZ;MAŁGORZATA;haslo;U;przykladowy@mail.xd
Jk5Bv8Sp8;ADAMCZYK;JACEK;haslo;U;przykladowy@mail.xd
Ln6Vb1Zz3;ŚLIWIŃSKI;NIKOLA;haslo;U;przykladowy@mail.xd
Bd7Jz9Ji8;DOMAGAŁA;AMELIA;haslo;U;przykladowy@mail.xd
Tr1Dc9Ji0;LIS;JULIA;haslo;U;przykladowy@mail.xd
Rl2Ar3De1;WAWRZYNIAK;NIKOLA;haslo;U;przykladowy@mail.xd
Jh8Pq5Ky9;URBAŃSKI;WOJCIECH;haslo;U;przykladowy@mail.xd
Rd1Nk0Ge2;MAZUR;STEFAN;haslo;U;przykladowy@mail.xd
Xi6Eu3Jz4;JANICKI;WITOLD;haslo;U;przykladowy@mail.xd
Ev1Yl0Mq4;MAJEWSKA;ŁUKASZ;haslo;U;przykladowy@mail.xd
Kf3Vw2Ap5;GÓRSKI;PAWEŁ;haslo;U;przykladowy@mail.xd
Zu6Ln1Dj8;PIĄTEK;WITOLD;haslo;U;przykladowy@mail.xd
Kl0Ro1Ft8;KARPIŃSKI;IRENEUSZ;haslo;U;przykladowy@mail.xd
Qk4Mr8Wj7;URBAN;MONIKA;haslo;U;przykladowy@mail.xd
Ty6Tj2Vl2;URBAŃSKA;LENA;haslo;U;przykladowy@mail.xd
Lf7Gb6Rn2;TOMASZEWSKA;KAMILA;haslo;U;przykladowy@mail.xd
Za4Zb3Qt7;BARAN;BOGUMIŁA;haslo;U;przykladowy@mail.xd
Uy4Sm7Ct0;PAWŁOWSKI;ZYGMUNT;haslo;U;przykladowy@mail.xd
Bw6Ex5Ts3;CIEŚLAK;STANISŁAWA;haslo;U;przykladowy@mail.xd
Te2Co8Re6;OWCZAREK;ZBIGNIEW;haslo;U;przykladowy@mail.xd
Wb4Tr5Hb3;LEŚNIAK;BARBARA;haslo;U;przykladowy@mail.xd
Ey7Tb6Ih7;URBAN;DOMINIKA;haslo;U;przykladowy@mail.xd
Uj4Pt5Pa0;MUCHA;CZESŁAWA;haslo;U;przykladowy@mail.xd
Tc5Tq0Lt9;KACZMARCZYK;STANISŁAW;haslo;U;przykladowy@mail.xd
Py5Sl2Ca8;OLSZEWSKA;ANETA;haslo;U;przykladowy@mail.xd
Um8Rx2Hk6;WŁODARCZYK;ELŻBIETA;haslo;U;przykladowy@mail.xd
Bd5Am1Gs3;KOZAK;MARTA;haslo;U;przykladowy@mail.xd
Mf8Er7Uh9;MATUSZEWSKI;JÓZEF;haslo;U;przykladowy@mail.xd
Ob5Qf3St2;SOKOŁOWSKA;RADOSŁAW;haslo;U;przykladowy@mail.xd
Oe2Dd7Nb6;KOZŁOWSKA;ANTONI;haslo;U;przykladowy@mail.xd
Yv7Db8Ju9;WILK;WOJCIECH;haslo;U;przykladowy@mail.xd
Ge5Jz0Qe7;ZIELIŃSKA;IRENEUSZ;haslo;U;przykladowy@mail.xd
Qh3Pv2Ng2;ŚLIWIŃSKA;JAKUB;haslo;U;przykladowy@mail.xd
Vo1Rw9Rv8;STANKIEWICZ;WIKTOR;haslo;U;przykladowy@mail.xd
Pr5Rv2Yq4;SAWICKI;HUBERT;haslo;U;przykladowy@mail.xd
Lo7De0Fg3;SOSNOWSKA;PATRYK;haslo;U;przykladowy@mail.xd
Yy0Ll5Hq8;WRONA;ALINA;haslo;U;przykladowy@mail.xd
Px6Um6Cn3;STEFAŃSKI;ZBIGNIEW;haslo;U;przykladowy@mail.xd
Lm0Pz8If9;WILK;WOJCIECH;haslo;U;przykladowy@mail.xd
Hs0Bh9Ke6;SOBCZAK;HANNA;haslo;U;przykladowy@mail.xd
Wp6Mq9Vh8;KASPRZAK;LECH;haslo;U;przykladowy@mail.xd
Ti8Ha6Rs5;WIERZBICKI;CEZARY;haslo;U;przykladowy@mail.xd
Az2Ef6Qn5;MAZURKIEWICZ;DAMIAN;haslo;U;przykladowy@mail.xd
Oh2Ox5Kf4;CIESIELSKA;HUBERT;haslo;U;przykladowy@mail.xd
Sa3Pi7Fh5;TOMCZAK;NATALIA;haslo_r;R;przykladowy@mail.xd
Hw3Pw0Zr4;CIESIELSKI;AGATA;haslo_r;R;przykladowy@mail.xd
Xn2Kr4Qd3;BEDNAREK;ŁUCJA;haslo_r;R;przykladowy@mail.xd
Wt7Gc2Ku6;ZIELIŃSKI;JOANNA;haslo_r;R;przykladowy@mail.xd
Zq0Zn6Wq9;KANIA;LENA;haslo_r;R;przykladowy@mail.xd
Sm3Go4Jm3;GŁOWACKA;DARIA;haslo_r;R;przykladowy@mail.xd
Ld3Yz9Rk4;ZALEWSKA;MARTA;haslo_r;R;przykladowy@mail.xd
Fq5Xr1Cz3;PAJĄK;LUCYNA;haslo_r;R;przykladowy@mail.xd
An8Bb7Zu1;WŁODARCZYK;EDYTA;haslo_r;R;przykladowy@mail.xd
Zc9Kv9Hk6;TOMASZEWSKA;MARIOLA;haslo_r;R;przykladowy@mail.xd
Ny7Pl2Of5;MILEWSKI;MONIKA;haslo_r;R;przykladowy@mail.xd
Wr4Wg7Qc0;MACIEJEWSKI;MIROSŁAWA;haslo_r;R;przykladowy@mail.xd
Xi8Hh8Mb9;BOROWSKI;BEATA;haslo_r;R;przykladowy@mail.xd
Lk2Zq4Pb9;ZAKRZEWSKA;MARZENA;haslo_r;R;przykladowy@mail.xd
Qi2Yt2Ac9;ZAKRZEWSKA;BRONISŁAWA;haslo_r;R;przykladowy@mail.xd
Hs7Cv2Od6;MAJ;NATALIA;haslo_r;R;przykladowy@mail.xd
Nv8Hq5Xt6;ROGOWSKI;WIOLETTA;haslo_r;R;przykladowy@mail.xd
Aa8Sf9Me1;STEFAŃSKA;LENA;haslo_r;R;przykladowy@mail.xd
Cu5Wp0Ps9;MATUSIAK;WERONIKA;haslo_r;R;przykladowy@mail.xd
Zb4Rn8Bc5;MICHALAK;DOMINIKA;haslo_r;R;przykladowy@mail.xd
Ua6Km5Kf4;WRONA;ANNA;haslo_r;R;przykladowy@mail.xd
Bq7Lb4Je9;DZIEDZIC;SANDRA;haslo_r;R;przykladowy@mail.xd
No4Qv6Dw3;ADAMCZYK;WERONIKA;haslo_r;R;przykladowy@mail.xd
Km0Pe5Io0;KOWAL;KRYSTYNA;haslo_r;R;przykladowy@mail.xd
Dx4Sp0Pz3;KOWALIK;IZABELA;haslo_r;R;przykladowy@mail.xd
Oh5Jl6Ui7;DZIEDZIC;SABINA;haslo_r;R;przykladowy@mail.xd
Ec3Cf4Jn6;SIKORA;ROZALIA;haslo_r;R;przykladowy@mail.xd
Dm8Di0Yg3;MADEJ;AMELIA;haslo_r;R;przykladowy@mail.xd
Ig6Sb1Ej5;KOT;EMILIA;haslo_r;R;przykladowy@mail.xd
Rx6Ae3Od4;SZULC;JOLANTA;haslo_r;R;przykladowy@mail.xd
Ni3Bi0Gi0;WÓJCIK;WŁADYSŁAWA;haslo_r;R;przykladowy@mail.xd
Iv0On4Up2;PAWLIK;WERONIKA;haslo_r;R;przykladowy@mail.xd
Uh7Rv8Ps6;LIS;WIESŁAWA;haslo_r;R;przykladowy@mail.xd
Kd7Sb5By8;KRAJEWSKA;EWA;haslo_r;R;przykladowy@mail.xd
Ed0Mt7Pc3;JASIŃSKA;MAŁGORZATA;haslo_r;R;przykladowy@mail.xd
Lm7Pu9Il6;KUCHARSKI;OLIWIA;haslo_r;R;przykladowy@mail.xd
Qe1Uz6Ey7;SADOWSKI;AMELIA;haslo_r;R;przykladowy@mail.xd
Wb0Bv6Ti9;KOZIOŁ;BRONISŁAWA;haslo_r;R;przykladowy@mail.xd
Of3Xx5Qc2;SOWA;BARBARA;haslo_r;R;przykladowy@mail.xd
Xc3Bg6Ag8;KUREK;GRAŻYNA;haslo_r;R;przykladowy@mail.xd
Ol8Ij7Ih7;WITKOWSKA;KRYSTYNA;haslo_r;R;przykladowy@mail.xd
Bj7Ye4Cy7;GRABOWSKA;JADWIGA;haslo_r;R;przykladowy@mail.xd
Ly7Zc2Ie6;SOSNOWSKI;NATALIA;haslo_r;R;przykladowy@mail.xd
Hr1Uu8Ql9;ADAMSKI;ALICJA;haslo_r;R;przykladowy@mail.xd
Je9Wx1Vr8;LEWANDOWSKA;JÓZEFA;haslo_r;R;przykladowy@mail.xd
Ec3Xw0Ot7;BARANOWSKI;MIROSŁAWA;haslo_r;R;przykladowy@mail.xd
Zx5Yz7Ni2;ADAMSKA;WIESŁAWA;haslo_r;R;przykladowy@mail.xd
Ak6Ip7Jm5;MICHALAK;ROZALIA;haslo_r;R;przykladowy@mail.xd
Gg5Mf9Ax8;KOŁODZIEJ;NIKOLA;haslo_r;R;przykladowy@mail.xd
Ii8Bo6Zb7;CHOJNACKA;AMELIA;haslo_r;R;przykladowy@mail.xd
Ni2Hl6Ip8;MAZUREK;KAMILA;haslo_r;R;przykladowy@mail.xd
Oy7Sv0Vg9;KRUPA;GERTRUDA;haslo_r;R;przykladowy@mail.xd
Mc0Iv4Hk0;JAWORSKI;LAURA;haslo_r;R;przykladowy@mail.xd
Kh2Rp2Oe5;WYSOCKI;LIDIA;haslo_r;R;przykladowy@mail.xd
Rj7Gi7Ye3;PIOTROWSKA;LENA;haslo_r;R;przykladowy@mail.xd
Lk6Yu6Kw3;TOMCZYK;FRANCISZKA;haslo_r;R;przykladowy@mail.xd
Wk1Na6Hl2;MARKIEWICZ;GENOWEFA;haslo_r;R;przykladowy@mail.xd
Db1Vx4Ha8;ADAMCZYK;OLGA;haslo_r;R;przykladowy@mail.xd
Qo3Dt9Ru5;ŚLIWIŃSKI;WANDA;haslo_r;R;przykladowy@mail.xd
Mo0Hj3Pf6;DOMAGAŁA;NATALIA;haslo_r;R;przykladowy@mail.xd
Se3Md8Tm1;LIS;BOGUMIŁA;haslo_r;R;przykladowy@mail.xd
Ya2Np0Yj9;WAWRZYNIAK;DOROTA;haslo_r;R;przykladowy@mail.xd
Fw5Wi2Gz1;URBAŃSKI;MICHALINA;haslo_r;R;przykladowy@mail.xd
Lg4Sm1Ld7;MAZUR;DANUTA;haslo_r;R;przykladowy@mail.xd
Dv7Ph1Qe8;JANICKI;DOROTA;haslo_r;R;przykladowy@mail.xd
Gy1Kd9Ob7;MAJEWSKA;KINGA;haslo_r;R;przykladowy@mail.xd
Me3Rg7Is1;GÓRSKI;ALEKSANDRA;haslo_r;R;przykladowy@mail.xd
Wt2By8Ao1;PIĄTEK;MARTYNA;haslo_r;R;przykladowy@mail.xd
Sj5Ou6Bx2;KARPIŃSKI;MARTYNA;haslo_r;R;przykladowy@mail.xd
Tb9Do4Ph9;URBAN;RENATA;haslo_r;R;przykladowy@mail.xd
Uf8Ng6Bh5;URBAŃSKA;MARZENA;haslo_r;R;przykladowy@mail.xd
Da9Qa6Zy1;TOMASZEWSKA;NIKOLA;haslo_r;R;przykladowy@mail.xd
Yb7Qr9Nt2;BARAN;PATRYCJA;haslo_r;R;przykladowy@mail.xd
Df1Xp9Kh5;PAWŁOWSKI;PAULINA;haslo_r;R;przykladowy@mail.xd
Xa4Eb9Nw4;CIEŚLAK;ZUZANNA;haslo_r;R;przykladowy@mail.xd
Va7Gs3Eu9;OWCZAREK;KAMILA;haslo_r;R;przykladowy@mail.xd
Jw3Oj6Be7;LEŚNIAK;WŁADYSŁAWA;haslo_r;R;przykladowy@mail.xd
Rp0Ls2Mt7;URBAN;BRONISŁAWA;haslo_r;R;przykladowy@mail.xd
Zq3Qn6By7;MUCHA;KRYSTYNA;haslo_r;R;przykladowy@mail.xd
Ns6Cy1Dg1;KACZMARCZYK;EWELINA;haslo_r;R;przykladowy@mail.xd
Wt8At3Pz9;OLSZEWSKA;KAZIMIERA;haslo_r;R;przykladowy@mail.xd
Pd5Ta0Bq0;WŁODARCZYK;BOGUMIŁA;haslo_r;R;przykladowy@mail.xd
Bv2Kd9Ox5;KOZAK;GERTRUDA;haslo_r;R;przykladowy@mail.xd
Xe7Nr9Cu6;MATUSZEWSKI;EMILIA;haslo_r;R;przykladowy@mail.xd
Xu7Nu4Qe0;SOKOŁOWSKA;IWONA;haslo_r;R;przykladowy@mail.xd
Og2Un1Xk5;KOZŁOWSKA;KAMILA;haslo_r;R;przykladowy@mail.xd
Ah2Im0Nh8;WILK;URSZULA;haslo_r;R;przykladowy@mail.xd
Kg9Cs0Jq7;ZIELIŃSKA;STANISŁAWA;haslo_r;R;przykladowy@mail.xd
Ie1Xv6Sg3;ŚLIWIŃSKA;WANDA;haslo_r;R;przykladowy@mail.xd
Cf4Ti0Jm2;STANKIEWICZ;MAJA;haslo_r;R;przykladowy@mail.xd
Eh3Ha6Sp3;SAWICKI;HENRYKA;haslo_r;R;przykladowy@mail.xd
Ma3Mr5Yi4;SOSNOWSKA;ZUZANNA;haslo_r;R;przykladowy@mail.xd
Ra0Bz5Br4;WRONA;REGINA;haslo_r;R;przykladowy@mail.xd
Sy3Fg2Zu1;STEFAŃSKI;BOGUSŁAWA;haslo_r;R;przykladowy@mail.xd
Pl9Db9Rr8;WILK;BOŻENA;haslo_r;R;przykladowy@mail.xd
Da9Ng3Ff0;SOBCZAK;MIROSŁAWA;haslo_r;R;przykladowy@mail.xd
Cg4Us2Rh7;KASPRZAK;MAJA;haslo_r;R;przykladowy@mail.xd
Mw9Zd3If4;WIERZBICKI;MARIOLA;haslo_r;R;przykladowy@mail.xd
Kk9Yb9Jm1;MAZURKIEWICZ;MARIANNA;haslo_r;R;przykladowy@mail.xd
Dy4Iy9Xe8;CIESIELSKA;STEFANIA;haslo_r;R;przykladowy@mail.xd
Ex9Uk6Xy0;TOMCZAK;ZENON;haslo_r;R;przykladowy@mail.xd
Li9To4Xh3;CIESIELSKI;ZBIGNIEW;haslo_r;R;przykladowy@mail.xd
Bj8Sx4Rq7;BEDNAREK;DAMIAN;haslo_r;R;przykladowy@mail.xd
Vy1Tb6Yq6;ZIELIŃSKI;ALEKSANDER;haslo_r;R;przykladowy@mail.xd
No9Nj6Jf9;KANIA;LECH;haslo_r;R;przykladowy@mail.xd
Kx1Ym9Zf4;GŁOWACKA;MARCIN;haslo_r;R;przykladowy@mail.xd
Mu5Xj5Ty3;ZALEWSKA;PIOTR;haslo_r;R;przykladowy@mail.xd
Xs6Jn1Im4;PAJĄK;EDMUND;haslo_r;R;przykladowy@mail.xd
Zs8Xd6Yy1;WŁODARCZYK;EDWARD;haslo_r;R;przykladowy@mail.xd
Ub7Sb4Oo4;TOMASZEWSKA;JULIAN;haslo_r;R;przykladowy@mail.xd
Ft9Fx5Ll8;MILEWSKI;ZDZISŁAW;haslo_r;R;przykladowy@mail.xd
Ww9Qm6Ih3;MACIEJEWSKI;MIECZYSŁAW;haslo_r;R;przykladowy@mail.xd
Kb0Cv2Tb7;BOROWSKI;LECH;haslo_r;R;przykladowy@mail.xd
We2Qm2Pb1;ZAKRZEWSKA;SYLWESTER;haslo_r;R;przykladowy@mail.xd
Ev5Bo5Qj0;ZAKRZEWSKA;CZESŁAW;haslo_r;R;przykladowy@mail.xd
Ku6Xo0Ck3;MAJ;MARIAN;haslo_r;R;przykladowy@mail.xd
Qg0Zq3Zy7;ROGOWSKI;FRANCISZEK;haslo_r;R;przykladowy@mail.xd
Hs2Lf7Vb5;STEFAŃSKA;WACŁAW;haslo_r;R;przykladowy@mail.xd
Zb6Ma6Er9;MATUSIAK;JAROSŁAW;haslo_r;R;przykladowy@mail.xd
Ky2Uo9Kc4;MICHALAK;KONRAD;haslo_r;R;przykladowy@mail.xd
Vv5Qx0Nz0;WRONA;JÓZEF;haslo_r;R;przykladowy@mail.xd
Le5Te7Qq2;DZIEDZIC;SYLWESTER;haslo_r;R;przykladowy@mail.xd
Cu3Zb2Jd9;ADAMCZYK;BRONISŁAW;haslo_r;R;przykladowy@mail.xd
Fi2Jm8Nr4;KOWAL;DOMINIK;haslo_r;R;przykladowy@mail.xd
On7Aj7Do4;KOWALIK;JANUSZ;haslo_r;R;przykladowy@mail.xd
Cg6Tj3Tt5;DZIEDZIC;KAROL;haslo_r;R;przykladowy@mail.xd
Nl7Gw7Xi3;SIKORA;SŁAWOMIR;haslo_r;R;przykladowy@mail.xd
Rl0Vy3Pe6;MADEJ;MARIAN;haslo_r;R;przykladowy@mail.xd
Gn7Gc3Cx9;KOT;BOGDAN;haslo_r;R;przykladowy@mail.xd
Ox9Sq5Ji4;SZULC;ŁUKASZ;haslo_r;R;przykladowy@mail.xd
Fy5Zg8Ek4;WÓJCIK;LEON;haslo_r;R;przykladowy@mail.xd
Kc2Iu6Xt9;PAWLIK;MIKOŁAJ;haslo_r;R;przykladowy@mail.xd
Vg4Ek7Nj2;LIS;MAREK;haslo_r;R;przykladowy@mail.xd
Jm6Lj5Ih6;KRAJEWSKA;MAKSYMILIAN;haslo_r;R;przykladowy@mail.xd
Rx3Tk8Ve4;JASIŃSKA;EUGENIUSZ;haslo_r;R;przykladowy@mail.xd
Vh1Pu3Mh6;KUCHARSKI;NIKODEM;haslo_r;R;przykladowy@mail.xd
Uu4Eq1Sh9;SADOWSKI;KAZIMIERZ;haslo_r;R;przykladowy@mail.xd
Rq0Lh2Rm7;KOZIOŁ;MIROSŁAW;haslo_r;R;przykladowy@mail.xd
Kt2Vr0Bd0;SOWA;WALDEMAR;haslo_r;R;przykladowy@mail.xd
Co6Fr2Uh8;KUREK;IGOR;haslo_r;R;przykladowy@mail.xd
Tp5Ie3Bz7;WITKOWSKA;ADRIAN;haslo_r;R;przykladowy@mail.xd
Ye2Jq3Zt5;GRABOWSKA;WACŁAW;haslo_r;R;przykladowy@mail.xd
Eo6Ih2Cu2;SOSNOWSKI;ADRIAN;haslo_r;R;przykladowy@mail.xd
Xs4Ys7Wc3;ADAMSKI;BOGDAN;haslo_r;R;przykladowy@mail.xd
Je4Hi3Ra6;LEWANDOWSKA;OSKAR;haslo_r;R;przykladowy@mail.xd
Ke2Kp7Ey4;BARANOWSKI;WITOLD;haslo_r;R;przykladowy@mail.xd
Rg0If8Ns0;ADAMSKA;FELIKS;haslo_r;R;przykladowy@mail.xd
Bp6Cd4Zt1;MICHALAK;ZDZISŁAW;haslo_r;R;przykladowy@mail.xd
Kd9Nw9Uj7;KOŁODZIEJ;ALAN;haslo_r;R;przykladowy@mail.xd
Wm0Sk0Om6;CHOJNACKA;BARTŁOMIEJ;haslo_r;R;przykladowy@mail.xd
Ti8Zr0Fv6;MAZUREK;WIKTOR;haslo_r;R;przykladowy@mail.xd
Uy6Qa1An8;KRUPA;ALAN;haslo_r;R;przykladowy@mail.xd
Df3Co6Ay1;JAWORSKI;LUDWIK;haslo_r;R;przykladowy@mail.xd
Ln4Tj7Ux1;WYSOCKI;JERZY;haslo_r;R;przykladowy@mail.xd
Jy4Ax2Dx1;PIOTROWSKA;MIROSŁAW;haslo_r;R;przykladowy@mail.xd
Ic6Tt4Yh3;TOMCZYK;ZBIGNIEW;haslo_r;R;przykladowy@mail.xd
Vr2Oa7Kf5;MARKIEWICZ;NIKODEM;haslo_r;R;przykladowy@mail.xd
Ri4Ew6Js1;ADAMCZYK;STEFAN;haslo_r;R;przykladowy@mail.xd
Jy7Is4Yw5;ŚLIWIŃSKI;OLIWIER;haslo_r;R;przykladowy@mail.xd
Wc0Kp2Nz5;DOMAGAŁA;LECH;haslo_r;R;przykladowy@mail.xd
Yo8Yr2Vd0;LIS;WŁADYSŁAW;haslo_r;R;przykladowy@mail.xd
Xh5Ky3Vc9;WAWRZYNIAK;EUGENIUSZ;haslo_r;R;przykladowy@mail.xd
Um1Cc6El5;URBAŃSKI;MACIEJ;haslo_r;R;przykladowy@mail.xd
Hr1Yz1Lh5;MAZUR;NIKODEM;haslo_r;R;przykladowy@mail.xd
Vl3Zb3My8;JANICKI;ŁUKASZ;haslo_r;R;przykladowy@mail.xd
Ex7Ul2Qz8;MAJEWSKA;ANDRZEJ;haslo_r;R;przykladowy@mail.xd
Nd1Dg3Ci5;GÓRSKI;WŁODZIMIERZ;haslo_r;R;przykladowy@mail.xd
Tr3Fy5Xr7;PIĄTEK;MARCEL;haslo_r;R;przykladowy@mail.xd
Pv1Qn5Tx1;KARPIŃSKI;KRZYSZTOF;haslo_r;R;przykladowy@mail.xd
Ik9Rw9Qb4;URBAN;EDWARD;haslo_r;R;przykladowy@mail.xd
Ct7Xz3Af9;URBAŃSKA;BARTOSZ;haslo_r;R;przykladowy@mail.xd
Mn2Fh7Ac2;TOMASZEWSKA;ŁUKASZ;haslo_r;R;przykladowy@mail.xd
Wk6Ef1Uu7;BARAN;DAWID;haslo_r;R;przykladowy@mail.xd
Zs2Kb5Cc9;PAWŁOWSKI;DAWID;haslo_r;R;przykladowy@mail.xd
Tc3Bl0Vg8;CIEŚLAK;RAFAŁ;haslo_r;R;przykladowy@mail.xd
Ba9Cf4Jr3;OWCZAREK;FELIKS;haslo_r;R;przykladowy@mail.xd
Ly7Yj3Pz1;LEŚNIAK;MARCEL;haslo_r;R;przykladowy@mail.xd
Ll4Jn9Cl0;URBAN;DAMIAN;haslo_r;R;przykladowy@mail.xd
Dk2Tj3Cd6;MUCHA;MAREK;haslo_r;R;przykladowy@mail.xd
Kz1Rt8Lm2;KACZMARCZYK;SYLWESTER;haslo_r;R;przykladowy@mail.xd
Cz1Op8Rl1;OLSZEWSKA;ANDRZEJ;haslo_r;R;przykladowy@mail.xd
Oo7Dj7Ct2;WŁODARCZYK;MAKSYMILIAN;haslo_r;R;przykladowy@mail.xd
Yp1Av8Iq5;KOZAK;KAMIL;haslo_r;R;przykladowy@mail.xd
Ee2Hp0Ur1;MATUSZEWSKI;MAKSYMILIAN;haslo_r;R;przykladowy@mail.xd
Pz2Zr6In0;SOKOŁOWSKA;MAREK;haslo_r;R;przykladowy@mail.xd
Hx6Cw6Ic9;KOZŁOWSKA;ROBERT;haslo_r;R;przykladowy@mail.xd
Lr8Sl7Cx4;WILK;MARIAN;haslo_r;R;przykladowy@mail.xd
Nc7Ik1Iy4;ZIELIŃSKA;IRENEUSZ;haslo_r;R;przykladowy@mail.xd
Yj6Mu1Fj0;ŚLIWIŃSKA;KAMIL;haslo_r;R;przykladowy@mail.xd
Pe0Tf5Xp6;STANKIEWICZ;CZESŁAW;haslo_r;R;przykladowy@mail.xd
Ps7Pm2Bt8;SAWICKI;MARIUSZ;haslo_r;R;przykladowy@mail.xd
Os1Px4Xw2;SOSNOWSKA;ALEKSANDER;haslo_r;R;przykladowy@mail.xd
Sq5Dp6Ue1;WRONA;JULIAN;haslo_r;R;przykladowy@mail.xd
Vp1Bb3Fq6;STEFAŃSKI;HENRYK;haslo_r;R;przykladowy@mail.xd
St4Ca8Tb5;WILK;WIKTOR;haslo_r;R;przykladowy@mail.xd
Gf0Km0Tj6;SOBCZAK;ADAM;haslo_r;R;przykladowy@mail.xd
Gw7Fp7Jt7;KASPRZAK;WIKTOR;haslo_r;R;przykladowy@mail.xd
Tv1Bi2Sz6;WIERZBICKI;ZYGMUNT;haslo_r;R;przykladowy@mail.xd
Ei0Cu0Oq8;MAZURKIEWICZ;KRYSTIAN;haslo_r;R;przykladowy@mail.xd
Wy3Kk4Co9;CIESIELSKA;JÓZEF;haslo_r;R;przykladowy@mail.xd
Qq0Nf1Qv9;MAJ;ALICJA;haslo_n;N;przykladowy@mail.xd
Bk9We4Oa5;ANDRZEJEWSKA;AMELIA;haslo_n;N;przykladowy@mail.xd
Lv5Nq5Yy7;BARAŃSKI;EWELINA;haslo_n;N;przykladowy@mail.xd
Ku4Ip0Gr5;KAMIŃSKA;JANUSZ;haslo_n;N;przykladowy@mail.xd
Gw0Co0Zz9;GŁOWACKA;MARTA;haslo_n;N;przykladowy@mail.xd
Te1Nf0Yf8;BOROWSKI;KRZYSZTOF;haslo_n;N;przykladowy@mail.xd
Rd9Hv6Mn0;KOWALSKI;JACEK;haslo_n;N;przykladowy@mail.xd
Xh1Qg4Tt4;BARAŃSKA;MATEUSZ;haslo_n;N;przykladowy@mail.xd
Gq5Ez6It5;ŁUCZAK;HUBERT;haslo_n;N;przykladowy@mail.xd
Hl7My5Ce5;OLSZEWSKI;ANIELA;haslo_n;N;przykladowy@mail.xd
Lv4Zt9Nv8;SOWA;PAULINA;haslo_n;N;przykladowy@mail.xd
Ia1Mf8Su6;MAKOWSKA;HUBERT;haslo_n;N;przykladowy@mail.xd
Rs8Oo3Ha0;SZYMCZAK;NIKODEM;haslo_n;N;przykladowy@mail.xd
Nr6Ma8Ws7;KUROWSKA;ARTUR;haslo_n;N;przykladowy@mail.xd
Gr4Iv0Yy7;GRABOWSKA;JANINA;haslo_n;N;przykladowy@mail.xd
Gi3Bl0Kt8;NOWAK;FRANCISZEK;haslo_n;N;przykladowy@mail.xd
Kt5Xf4Ck8;JASIŃSKA;WŁADYSŁAWA;haslo_n;N;przykladowy@mail.xd
Ul8Jd7Zw7;SZEWCZYK;ARTUR;haslo_n;N;przykladowy@mail.xd
Xm1Tb1Jz5;MICHALAK;BOGUSŁAWA;haslo_n;N;przykladowy@mail.xd
Gc2Gq4Qu7;ZAWADZKA;KAROL;haslo_n;N;przykladowy@mail.xd
Tv1Wz1Yv8;KALINOWSKI;KAROLINA;haslo_n;N;przykladowy@mail.xd
Nh2Lh3Zn2;WIERZBICKA;KAMILA;haslo_n;N;przykladowy@mail.xd
Rl4Ku6Xc3;JAKUBOWSKI;EDYTA;haslo_n;N;przykladowy@mail.xd
Yj9Fa1Hs1;SOCHA;HANNA;haslo_n;N;przykladowy@mail.xd
Xg2Ut3Td9;OLEJNIK;EDMUND;haslo_n;N;przykladowy@mail.xd
Ws9Yk4Sh9;WALCZAK;EWELINA;haslo_n;N;przykladowy@mail.xd
Op8Lc6Tc3;WŁODARCZYK;ANETA;haslo_n;N;przykladowy@mail.xd
Jw7Fr1Bd9;BUKOWSKI;RENATA;haslo_n;N;przykladowy@mail.xd
Lp0Nw1Ih9;URBAŃSKI;MATEUSZ;haslo_n;N;przykladowy@mail.xd
Vz4Ts8In6;DUDEK;LEON;haslo_n;N;przykladowy@mail.xd
It4Qr0Wm5;KRUK;STEFAN;haslo_n;N;przykladowy@mail.xd
Ak8Ds6Hg6;STASIAK;IGNACY;haslo_n;N;przykladowy@mail.xd
Eq2Bh3Fx4;MICHALSKA;JULIA;haslo_n;N;przykladowy@mail.xd
Ae8Cp6Ox7;KOWALCZYK;MARIAN;haslo_n;N;przykladowy@mail.xd
Gh6Qw8Xy6;MADEJ;DAWID;haslo_n;N;przykladowy@mail.xd
Ks4Xa4Et0;MATUSZEWSKA;BRONISŁAW;haslo_n;N;przykladowy@mail.xd
Mc2Un6Nc6;MUSIAŁ;RENATA;haslo_n;N;przykladowy@mail.xd
Da1Et2Mq6;MILEWSKA;ZOFIA;haslo_n;N;przykladowy@mail.xd
Mx0Ha0Ze1;SIKORA;HENRYKA;haslo_n;N;przykladowy@mail.xd
Vo1Nf1Uv6;JAROSZ;MAGDALENA;haslo_n;N;przykladowy@mail.xd
Yh2Ln9Wf0;NOWICKI;AMELIA;haslo_n;N;przykladowy@mail.xd
Fy2Wj7Cl0;ORŁOWSKA;STEFAN;haslo_n;N;przykladowy@mail.xd
Fp3Cy3Kg7;KOŁODZIEJCZYK;STANISŁAW;haslo_n;N;przykladowy@mail.xd
Kz4Ho3Fg4;JABŁOŃSKI;PAULINA;haslo_n;N;przykladowy@mail.xd
Pe3Bc3Av9;BRZOZOWSKA;ZBIGNIEW;haslo_n;N;przykladowy@mail.xd
Ks1Jt5In0;KOWAL;EMILIA;haslo_n;N;przykladowy@mail.xd
Dp4Ht7Kr6;PIĄTEK;DANUTA;haslo_n;N;przykladowy@mail.xd
Cb7Zo0Vp2;KRAWCZYK;KAMILA;haslo_n;N;przykladowy@mail.xd
Bt3Pz4Ba3;WOŹNIAK;AMELIA;haslo_n;N;przykladowy@mail.xd
Ma4Md8Mi1;KOZŁOWSKI;KINGA;haslo_n;N;przykladowy@mail.xd
Uc0Zz5Th3;WIECZOREK;KAZIMIERZ;haslo_n;N;przykladowy@mail.xd
Ii8Xz5If2;ZAKRZEWSKI;PRZEMYSŁAW;haslo_n;N;przykladowy@mail.xd
Ch3Cl9Yz2;ZALEWSKI;FRANCISZEK;haslo_n;N;przykladowy@mail.xd
Md0Wr0Dj3;KOWAL;DAMIAN;haslo_n;N;przykladowy@mail.xd
Hq5No2Wj9;LIS;BARTŁOMIEJ;haslo_n;N;przykladowy@mail.xd
Ws3Mn8Zd6;CZERWIŃSKA;SŁAWOMIR;haslo_n;N;przykladowy@mail.xd
Iw9Ce6Uf8;SOSNOWSKI;MIŁOSZ;haslo_n;N;przykladowy@mail.xd
Ug8Ld0Qd6;MARKOWSKA;KRZYSZTOF;haslo_n;N;przykladowy@mail.xd
Bv6Gl0Av8;CHMIELEWSKI;MARIOLA;haslo_n;N;przykladowy@mail.xd
Yv4Py8Zr5;NOWICKA;ANTONINA;haslo_n;N;przykladowy@mail.xd
